order_id,date,operation,activity,division_code,block_code,crew_code,headcount_plan,headcount_actual,planned_qty,actual_qty,unit,man_days_plan,man_days_actual,status,carried_to
WO-2026-0822-U-001,2026-08-22,weed,circle_weeding,1,43,U1-01,3,0,2.9,0.0,ha,3.0,0.0,weathered_off,
WO-2026-0822-U-002,2026-08-22,prune,pruning,1,46,U1-01,9,0,500,0.0,palms,9.0,0.0,weathered_off,
WO-2026-0822-U-003,2026-08-22,weed,path_upkeep,2,6,U2-01,2,0,3.48,0.0,ha,2.0,0.0,weathered_off,
WO-2026-0822-U-004,2026-08-22,weed,circle_weeding,2,23,U2-01,3,0,3.74,0.0,ha,3.0,0.0,weathered_off,
WO-2026-0822-U-005,2026-08-22,weed,circle_weeding,3,14,U3-01,4,4,4.08,4.08,ha,4.0,4.0,completed,
WO-2026-0822-U-006,2026-08-22,spray,spraying,1,50,S1-01,1,1,1.18,1.18,ha,1.0,1.0,completed,
WO-2026-0822-U-007,2026-08-22,spray,spraying,1,11,S1-01,2,0,3.59,0.0,ha,2.0,0.0,weathered_off,
WO-2026-0822-U-008,2026-08-22,spray,spraying,1,64,S1-01,2,0,4.4,0.0,ha,2.0,0.0,weathered_off,
WO-2026-0822-U-009,2026-08-22,spray,spraying,2,29,S2-01,2,0,3.69,0.0,ha,2.0,0.0,weathered_off,
WO-2026-0822-U-010,2026-08-22,spray,spraying,2,46,S2-01,2,0,4.41,0.0,ha,2.0,0.0,weathered_off,
WO-2026-0822-U-011,2026-08-22,spray,spraying,3,6,S3-01,1,1,3.46,3.46,ha,1.0,1.0,completed,
WO-2026-0822-U-012,2026-08-22,spray,spraying,3,18,S3-01,2,2,3.6,3.6,ha,2.0,2.0,completed,
WO-2026-0822-U-013,2026-08-22,spray,spraying,3,40,S3-01,2,2,4.91,4.42,ha,2.0,2.0,partial,
WO-2026-0824-U-014,2026-08-24,weed,circle_weeding,1,43,U1-01,3,3,2.9,2.9,ha,3.0,3.0,completed,
WO-2026-0824-U-015,2026-08-24,prune,pruning,1,46,U1-01,9,8,500,466.67,palms,9.0,8.0,partial,
WO-2026-0824-U-016,2026-08-24,weed,path_upkeep,2,6,U2-01,2,2,3.48,3.48,ha,2.0,2.0,completed,
WO-2026-0824-U-017,2026-08-24,weed,circle_weeding,2,23,U2-01,3,3,3.74,3.74,ha,3.0,3.0,completed,
WO-2026-0824-U-018,2026-08-24,weed,circle_weeding,2,33,U2-01,4,4,4.47,4.47,ha,4.0,4.0,completed,
WO-2026-0824-U-019,2026-08-24,weed,circle_weeding,3,31,U3-01,4,4,4.49,4.49,ha,4.0,4.0,completed,
WO-2026-0824-U-020,2026-08-24,weed,circle_weeding,3,67,U3-01,1,1,1.22,1.22,ha,1.0,1.0,completed,
WO-2026-0824-U-021,2026-08-24,weed,path_upkeep,3,30,U3-01,4,4,5.5,5.5,ha,4.0,4.0,completed,
WO-2026-0824-U-022,2026-08-24,weed,path_upkeep,3,16,U3-01,2,1,2.78,1.67,ha,2.0,1.0,partial,
WO-2026-0824-U-023,2026-08-24,spray,spraying,1,11,S1-01,2,2,3.59,3.59,ha,2.0,2.0,completed,
WO-2026-0824-U-024,2026-08-24,spray,spraying,1,64,S1-01,2,2,4.4,4.4,ha,2.0,2.0,completed,
WO-2026-0824-U-025,2026-08-24,spray,spraying,1,47,S1-01,1,1,3.14,3.14,ha,1.0,1.0,completed,
WO-2026-0824-U-026,2026-08-24,spray,spraying,1,56,S1-01,1,1,3.22,3.22,ha,1.0,1.0,completed,
WO-2026-0824-U-027,2026-08-24,spray,spraying,1,7,S1-01,2,1,4.81,2.89,ha,2.0,1.0,partial,
WO-2026-0824-U-028,2026-08-24,spray,spraying,2,29,S2-01,2,2,3.69,3.69,ha,2.0,2.0,completed,
WO-2026-0824-U-029,2026-08-24,spray,spraying,2,46,S2-01,2,2,4.41,4.41,ha,2.0,2.0,completed,
WO-2026-0824-U-030,2026-08-24,spray,spraying,2,57,S2-01,2,2,4.99,4.99,ha,2.0,2.0,completed,
WO-2026-0824-U-031,2026-08-24,spray,spraying,2,20,S2-01,2,2,3.71,3.34,ha,2.0,2.0,partial,
WO-2026-0824-U-032,2026-08-24,spray,spraying,3,40,S3-01,2,2,4.91,4.91,ha,2.0,2.0,completed,
WO-2026-0824-U-033,2026-08-24,spray,spraying,3,62,S3-01,2,2,4.08,4.08,ha,2.0,2.0,completed,
WO-2026-0824-U-034,2026-08-24,spray,spraying,3,34,S3-01,2,2,3.95,3.95,ha,2.0,2.0,completed,
WO-2026-0824-U-035,2026-08-24,spray,spraying,3,54,S3-01,1,1,3.49,3.49,ha,1.0,1.0,completed,
WO-2026-0825-U-036,2026-08-25,prune,pruning,1,46,U1-01,9,9,500,500.0,palms,9.0,9.0,completed,
WO-2026-0825-U-037,2026-08-25,weed,path_upkeep,1,32,U1-01,3,2,4.25,2.55,ha,3.0,2.0,partial,
WO-2026-0825-U-038,2026-08-25,weed,path_upkeep,2,44,U2-01,3,3,4.93,4.93,ha,3.0,3.0,completed,
WO-2026-0825-U-039,2026-08-25,weed,path_upkeep,2,18,U2-01,3,3,4.39,4.39,ha,3.0,3.0,completed,
WO-2026-0825-U-040,2026-08-25,weed,circle_weeding,2,39,U2-01,4,4,4.04,3.64,ha,4.0,4.0,partial,
WO-2026-0825-U-041,2026-08-25,weed,path_upkeep,3,16,U3-01,2,2,2.78,2.78,ha,2.0,2.0,completed,
WO-2026-0825-U-042,2026-08-25,weed,circle_weeding,3,34,U3-01,4,4,3.95,3.95,ha,4.0,4.0,completed,
WO-2026-0825-U-043,2026-08-25,weed,path_upkeep,3,40,U3-01,3,3,4.91,4.91,ha,3.0,3.0,completed,
WO-2026-0825-U-044,2026-08-25,spray,spraying,1,7,S1-01,2,2,4.81,4.81,ha,2.0,2.0,completed,
WO-2026-0825-U-045,2026-08-25,spray,spraying,1,65,S1-01,2,2,4.85,4.85,ha,2.0,2.0,completed,
WO-2026-0825-U-046,2026-08-25,spray,spraying,1,38,S1-01,2,2,4.53,4.53,ha,2.0,2.0,completed,
WO-2026-0825-U-047,2026-08-25,spray,spraying,1,21,S1-01,2,2,3.8,3.8,ha,2.0,2.0,completed,
WO-2026-0825-U-048,2026-08-25,spray,spraying,2,20,S2-01,2,2,3.71,3.71,ha,2.0,2.0,completed,
WO-2026-0825-U-049,2026-08-25,spray,spraying,2,31,S2-01,1,1,3.22,3.22,ha,1.0,1.0,completed,
WO-2026-0825-U-050,2026-08-25,spray,spraying,2,36,S2-01,2,2,4.11,4.11,ha,2.0,2.0,completed,
WO-2026-0825-U-051,2026-08-25,spray,spraying,2,41,S2-01,2,2,3.95,3.95,ha,2.0,2.0,completed,
WO-2026-0825-U-052,2026-08-25,spray,spraying,3,43,S3-01,2,2,4.98,4.98,ha,2.0,2.0,completed,
WO-2026-0825-U-053,2026-08-25,spray,spraying,3,16,S3-01,1,1,2.78,2.78,ha,1.0,1.0,completed,
WO-2026-0825-U-054,2026-08-25,spray,spraying,3,15,S3-01,2,2,4.05,4.05,ha,2.0,2.0,completed,
WO-2026-0825-U-055,2026-08-25,spray,spraying,3,27,S3-01,1,1,3.36,3.36,ha,1.0,1.0,completed,
WO-2026-0825-U-056,2026-08-25,spray,spraying,3,38,S3-01,2,2,3.62,3.62,ha,2.0,2.0,completed,
WO-2026-0825-U-057,2026-08-25,spray,spraying,3,1,S3-01,2,1,4.62,2.31,ha,2.0,1.0,partial,
WO-2026-0826-U-058,2026-08-26,weed,path_upkeep,1,32,U1-01,3,3,4.25,4.25,ha,3.0,3.0,completed,
WO-2026-0826-U-059,2026-08-26,weed,circle_weeding,1,51,U1-01,3,3,2.78,2.78,ha,3.0,3.0,completed,
WO-2026-0826-U-060,2026-08-26,weed,circle_weeding,1,2,U1-01,2,2,1.95,1.95,ha,2.0,2.0,completed,
WO-2026-0826-U-061,2026-08-26,weed,circle_weeding,1,56,U1-01,3,2,3.22,2.36,ha,3.0,2.0,partial,
WO-2026-0826-U-062,2026-08-26,weed,circle_weeding,2,39,U2-01,4,4,4.04,4.04,ha,4.0,4.0,completed,
WO-2026-0826-U-063,2026-08-26,weed,circle_weeding,2,15,U2-01,3,3,3.79,3.79,ha,3.0,3.0,completed,
WO-2026-0826-U-064,2026-08-26,prune,pruning,2,42,U2-01,3,3,171,148.2,palms,3.0,3.0,partial,
WO-2026-0826-U-065,2026-08-26,prune,pruning,3,37,U3-01,8,8,447,447.0,palms,8.0,8.0,completed,
WO-2026-0826-U-066,2026-08-26,weed,path_upkeep,3,6,U3-01,2,2,3.46,3.46,ha,2.0,2.0,completed,
WO-2026-0826-U-067,2026-08-26,spray,spraying,1,1,S1-01,1,1,0.83,0.83,ha,1.0,1.0,completed,
WO-2026-0826-U-068,2026-08-26,spray,spraying,1,54,S1-01,2,2,4.23,4.23,ha,2.0,2.0,completed,
WO-2026-0826-U-069,2026-08-26,spray,spraying,1,8,S1-01,1,1,2.42,2.42,ha,1.0,1.0,completed,
WO-2026-0826-U-070,2026-08-26,spray,spraying,1,55,S1-01,2,2,4.42,4.42,ha,2.0,2.0,completed,
WO-2026-0826-U-071,2026-08-26,spray,spraying,1,36,S1-01,1,1,2.4,2.4,ha,1.0,1.0,completed,
WO-2026-0826-U-072,2026-08-26,spray,spraying,2,54,S2-01,2,2,3.55,3.55,ha,2.0,2.0,completed,
WO-2026-0826-U-073,2026-08-26,spray,spraying,2,52,S2-01,2,2,4.28,4.28,ha,2.0,2.0,completed,
WO-2026-0826-U-074,2026-08-26,spray,spraying,2,16,S2-01,1,1,1.78,1.78,ha,1.0,1.0,completed,
WO-2026-0826-U-075,2026-08-26,spray,spraying,2,24,S2-01,2,2,4.48,4.48,ha,2.0,2.0,completed,
WO-2026-0826-U-076,2026-08-26,spray,spraying,3,1,S3-01,2,2,4.62,4.62,ha,2.0,2.0,completed,
WO-2026-0826-U-077,2026-08-26,spray,spraying,3,17,S3-01,1,1,2.43,2.43,ha,1.0,1.0,completed,
WO-2026-0826-U-078,2026-08-26,spray,spraying,3,53,S3-01,1,1,1.85,1.85,ha,1.0,1.0,completed,
WO-2026-0826-U-079,2026-08-26,spray,spraying,3,67,S3-01,1,1,1.22,1.22,ha,1.0,1.0,completed,
WO-2026-0826-U-080,2026-08-26,spray,spraying,3,37,S3-01,1,1,3.36,3.36,ha,1.0,1.0,completed,
WO-2026-0826-U-081,2026-08-26,spray,spraying,3,46,S3-01,2,2,3.92,3.92,ha,2.0,2.0,completed,
WO-2026-0827-U-082,2026-08-27,weed,circle_weeding,1,56,U1-01,3,3,3.22,3.22,ha,3.0,3.0,completed,
WO-2026-0827-U-083,2026-08-27,prune,pruning,1,24,U1-01,6,6,348,348.0,palms,6.0,6.0,completed,
WO-2026-0827-U-084,2026-08-27,prune,pruning,2,42,U2-01,3,3,171,171.0,palms,3.0,3.0,completed,
WO-2026-0827-U-085,2026-08-27,weed,circle_weeding,2,26,U2-01,4,4,4.06,4.06,ha,4.0,4.0,completed,
WO-2026-0827-U-086,2026-08-27,prune,pruning,2,55,U2-01,8,3,435,141.37,palms,8.0,3.0,partial,
WO-2026-0827-U-087,2026-08-27,prune,pruning,3,8,U3-01,9,9,526,526.0,palms,9.0,9.0,completed,
WO-2026-0827-U-088,2026-08-27,weed,path_upkeep,3,44,U3-01,4,2,5.25,3.15,ha,4.0,2.0,partial,
WO-2026-0827-U-089,2026-08-27,spray,spraying,1,57,S1-01,1,1,3.18,3.18,ha,1.0,1.0,completed,
WO-2026-0827-U-090,2026-08-27,spray,spraying,1,14,S1-01,2,2,4.72,4.72,ha,2.0,2.0,completed,
WO-2026-0827-U-091,2026-08-27,spray,spraying,1,9,S1-01,2,2,3.79,3.79,ha,2.0,2.0,completed,
WO-2026-0827-U-092,2026-08-27,spray,spraying,1,25,S1-01,2,2,4.66,4.66,ha,2.0,2.0,completed,
WO-2026-0827-U-093,2026-08-27,spray,spraying,1,63,S1-01,2,2,4.63,4.63,ha,2.0,2.0,completed,
WO-2026-0827-U-094,2026-08-27,spray,spraying,2,66,S2-01,2,2,4.77,4.77,ha,2.0,2.0,completed,
WO-2026-0827-U-095,2026-08-27,spray,spraying,3,12,S3-01,2,2,4.68,4.68,ha,2.0,2.0,completed,
WO-2026-0828-U-096,2026-08-28,prune,pruning,1,43,U1-01,7,7,392,392.0,palms,7.0,7.0,completed,
WO-2026-0828-U-097,2026-08-28,prune,pruning,1,8,U1-01,6,3,322,139.53,palms,6.0,3.0,partial,
WO-2026-0828-U-098,2026-08-28,prune,pruning,2,55,U2-01,8,8,435,435.0,palms,8.0,8.0,completed,
WO-2026-0828-U-099,2026-08-28,weed,path_upkeep,2,63,U2-01,2,2,2.93,2.93,ha,2.0,2.0,completed,
WO-2026-0828-U-100,2026-08-28,weed,path_upkeep,3,44,U3-01,4,4,5.25,5.25,ha,4.0,4.0,completed,
WO-2026-0828-U-101,2026-08-28,weed,path_upkeep,3,67,U3-01,1,1,1.22,1.22,ha,1.0,1.0,completed,
WO-2026-0828-U-102,2026-08-28,weed,circle_weeding,3,9,U3-01,4,4,4.87,4.87,ha,4.0,4.0,completed,
WO-2026-0828-U-103,2026-08-28,weed,path_upkeep,3,26,U3-01,2,2,3.39,3.39,ha,2.0,2.0,completed,
WO-2026-0828-U-104,2026-08-28,spray,spraying,1,52,S1-01,2,2,3.87,3.87,ha,2.0,2.0,completed,
WO-2026-0828-U-105,2026-08-28,spray,spraying,1,30,S1-01,2,2,3.89,3.89,ha,2.0,2.0,completed,
WO-2026-0829-U-106,2026-08-29,prune,pruning,1,8,U1-01,6,6,322,322.0,palms,6.0,6.0,completed,
WO-2026-0829-U-107,2026-08-29,weed,circle_weeding,1,11,U1-01,3,3,3.59,3.59,ha,3.0,3.0,completed,
WO-2026-0829-U-108,2026-08-29,weed,path_upkeep,1,30,U1-01,3,2,3.89,2.33,ha,3.0,2.0,partial,
WO-2026-0829-U-109,2026-08-29,weed,circle_weeding,2,12,U2-01,4,4,4.22,4.22,ha,4.0,4.0,completed,
WO-2026-0829-U-110,2026-08-29,weed,path_upkeep,2,55,U2-01,2,2,3.25,3.25,ha,2.0,2.0,completed,
WO-2026-0829-U-111,2026-08-29,prune,pruning,2,14,U2-01,7,4,429,257.4,palms,7.0,4.0,partial,
WO-2026-0829-U-112,2026-08-29,prune,pruning,3,34,U3-01,9,9,532,532.0,palms,9.0,9.0,completed,
WO-2026-0831-U-113,2026-08-31,weed,path_upkeep,1,30,U1-01,3,3,3.89,3.89,ha,3.0,3.0,completed,
WO-2026-0831-U-114,2026-08-31,weed,path_upkeep,1,49,U1-01,3,3,3.87,3.87,ha,3.0,3.0,completed,
WO-2026-0831-U-115,2026-08-31,weed,path_upkeep,1,66,U1-01,2,2,3.63,3.63,ha,2.0,2.0,completed,
WO-2026-0831-U-116,2026-08-31,weed,circle_weeding,1,67,U1-01,3,3,3.5,3.27,ha,3.0,3.0,partial,
WO-2026-0831-U-117,2026-08-31,prune,pruning,2,14,U2-01,7,7,429,429.0,palms,7.0,7.0,completed,
WO-2026-0831-U-118,2026-08-31,prune,pruning,2,16,U2-01,4,3,234,152.1,palms,4.0,3.0,partial,
WO-2026-0831-U-119,2026-08-31,weed,circle_weeding,3,13,U3-01,4,4,4.13,4.13,ha,4.0,4.0,completed,
WO-2026-0831-U-120,2026-08-31,weed,circle_weeding,3,44,U3-01,5,4,5.25,4.62,ha,5.0,4.0,partial,
WO-2026-0831-U-121,2026-08-31,spray,spraying,1,6,S1-01,2,2,4.01,4.01,ha,2.0,2.0,completed,
WO-2026-0901-U-122,2026-09-01,weed,circle_weeding,1,67,U1-01,3,3,3.5,3.5,ha,3.0,3.0,completed,
WO-2026-0901-U-123,2026-09-01,weed,circle_weeding,1,17,U1-01,4,4,3.97,3.97,ha,4.0,4.0,completed,
WO-2026-0901-U-124,2026-09-01,weed,circle_weeding,1,48,U1-01,3,3,3.43,3.43,ha,3.0,3.0,completed,
WO-2026-0901-U-125,2026-09-01,prune,pruning,2,16,U2-01,4,4,234,234.0,palms,4.0,4.0,completed,
WO-2026-0901-U-126,2026-09-01,weed,path_upkeep,2,19,U2-01,3,3,4.1,4.1,ha,3.0,3.0,completed,
WO-2026-0901-U-127,2026-09-01,weed,circle_weeding,2,20,U2-01,3,3,3.71,3.71,ha,3.0,3.0,completed,
WO-2026-0901-U-128,2026-09-01,weed,circle_weeding,3,44,U3-01,5,5,5.25,5.25,ha,5.0,5.0,completed,
WO-2026-0901-U-129,2026-09-01,prune,pruning,3,7,U3-01,7,5,422,277.31,palms,7.0,5.0,partial,
WO-2026-0901-U-130,2026-09-01,spray,spraying,2,44,S2-01,2,2,4.93,4.93,ha,2.0,2.0,completed,
WO-2026-0902-U-131,2026-09-02,weed,circle_weeding,1,10,U1-01,4,4,3.84,3.84,ha,4.0,4.0,completed,
WO-2026-0902-U-132,2026-09-02,weed,circle_weeding,1,33,U1-01,3,1,3.8,1.39,ha,3.0,1.0,partial,
WO-2026-0902-U-133,2026-09-02,weed,circle_weeding,2,31,U2-01,3,3,3.22,3.22,ha,3.0,3.0,completed,
WO-2026-0902-U-134,2026-09-02,weed,path_upkeep,2,27,U2-01,3,2,4.51,3.61,ha,3.0,2.0,partial,
WO-2026-0902-U-135,2026-09-02,prune,pruning,3,7,U3-01,7,0,422,0.0,palms,7.0,0.0,weathered_off,
WO-2026-0902-U-136,2026-09-02,spray,spraying,1,17,S1-01,2,2,3.97,3.97,ha,2.0,2.0,completed,
WO-2026-0903-U-137,2026-09-03,weed,circle_weeding,1,33,U1-01,3,3,3.8,3.8,ha,3.0,3.0,completed,
WO-2026-0903-U-138,2026-09-03,prune,pruning,1,56,U1-01,8,3,435,146.81,palms,8.0,3.0,partial,
WO-2026-0903-U-139,2026-09-03,weed,path_upkeep,2,27,U2-01,3,3,4.51,4.51,ha,3.0,3.0,completed,
WO-2026-0903-U-140,2026-09-03,weed,circle_weeding,2,42,U2-01,1,1,1.25,1.25,ha,1.0,1.0,completed,
WO-2026-0903-U-141,2026-09-03,weed,circle_weeding,2,62,U2-01,3,1,2.99,1.1,ha,3.0,1.0,partial,
WO-2026-0903-U-142,2026-09-03,prune,pruning,3,7,U3-01,7,0,422,0.0,palms,7.0,0.0,weathered_off,
WO-2026-0904-U-143,2026-09-04,prune,pruning,1,56,U1-01,8,8,435,435.0,palms,8.0,8.0,completed,
WO-2026-0904-U-144,2026-09-04,weed,circle_weeding,1,14,U1-01,4,2,4.72,2.6,ha,4.0,2.0,partial,
WO-2026-0904-U-145,2026-09-04,weed,circle_weeding,2,62,U2-01,3,3,2.99,2.99,ha,3.0,3.0,completed,
WO-2026-0904-U-146,2026-09-04,weed,circle_weeding,2,46,U2-01,4,4,4.41,4.41,ha,4.0,4.0,completed,
WO-2026-0904-U-147,2026-09-04,prune,pruning,2,26,U2-01,10,3,561,145.86,palms,10.0,3.0,partial,
WO-2026-0904-U-148,2026-09-04,prune,pruning,3,7,U3-01,7,7,422,422.0,palms,7.0,7.0,completed,
WO-2026-0904-U-149,2026-09-04,weed,circle_weeding,3,23,U3-01,3,3,3.71,3.71,ha,3.0,3.0,completed,
WO-2026-0904-U-150,2026-09-04,prune,pruning,3,30,U3-01,13,1,761,81.95,palms,13.0,1.0,partial,
WO-2026-0904-U-151,2026-09-04,spray,spraying,2,22,S2-01,2,2,4.39,4.39,ha,2.0,2.0,completed,
WO-2026-0905-U-152,2026-09-05,weed,circle_weeding,1,14,U1-01,4,4,4.72,4.72,ha,4.0,4.0,completed,
WO-2026-0905-U-153,2026-09-05,weed,circle_weeding,1,57,U1-01,3,3,3.18,3.18,ha,3.0,3.0,completed,
WO-2026-0905-U-154,2026-09-05,weed,path_upkeep,1,10,U1-01,3,3,3.84,3.84,ha,3.0,3.0,completed,
WO-2026-0905-U-155,2026-09-05,prune,pruning,1,27,U1-01,11,1,632,80.44,palms,11.0,1.0,partial,
WO-2026-0905-U-156,2026-09-05,prune,pruning,2,26,U2-01,10,10,561,561.0,palms,10.0,10.0,completed,
WO-2026-0905-U-157,2026-09-05,prune,pruning,3,30,U3-01,13,11,761,632.22,palms,13.0,11.0,partial,
WO-2026-0905-U-158,2026-09-05,spray,spraying,2,50,S2-01,2,2,4.76,4.76,ha,2.0,2.0,completed,
WO-2026-0905-U-159,2026-09-05,spray,spraying,3,11,S3-01,2,2,3.87,3.87,ha,2.0,2.0,completed,
WO-2026-0907-U-160,2026-09-07,prune,pruning,1,27,U1-01,11,10,632,586.04,palms,11.0,10.0,partial,
WO-2026-0907-U-161,2026-09-07,weed,path_upkeep,2,67,U2-01,2,2,3.36,3.36,ha,2.0,2.0,completed,
WO-2026-0907-U-162,2026-09-07,weed,circle_weeding,2,3,U2-01,3,3,3.77,3.77,ha,3.0,3.0,completed,
WO-2026-0907-U-163,2026-09-07,weed,circle_weeding,2,36,U2-01,4,4,4.11,4.11,ha,4.0,4.0,completed,
WO-2026-0907-U-164,2026-09-07,weed,path_upkeep,2,54,U2-01,2,1,3.55,2.13,ha,2.0,1.0,partial,
WO-2026-0907-U-165,2026-09-07,prune,pruning,3,30,U3-01,13,11,761,667.34,palms,13.0,11.0,partial,
WO-2026-0907-U-166,2026-09-07,spray,spraying,1,60,S1-01,2,2,5.08,5.08,ha,2.0,2.0,completed,
WO-2026-0907-U-167,2026-09-07,spray,spraying,2,37,S2-01,2,2,3.76,3.76,ha,2.0,2.0,completed,
WO-2026-0907-U-168,2026-09-07,spray,spraying,2,25,S2-01,1,1,1.66,1.66,ha,1.0,1.0,completed,
WO-2026-0907-U-169,2026-09-07,spray,spraying,3,47,S3-01,2,2,3.66,3.66,ha,2.0,2.0,completed,
WO-2026-0908-U-170,2026-09-08,prune,pruning,1,27,U1-01,11,11,632,620.51,palms,11.0,11.0,partial,
WO-2026-0908-U-171,2026-09-08,weed,path_upkeep,2,54,U2-01,2,2,3.55,3.55,ha,2.0,2.0,completed,
WO-2026-0908-U-172,2026-09-08,weed,path_upkeep,2,35,U2-01,3,3,4.08,4.08,ha,3.0,3.0,completed,
WO-2026-0908-U-173,2026-09-08,prune,pruning,2,45,U2-01,9,5,504,291.2,palms,9.0,5.0,partial,
WO-2026-0908-U-174,2026-09-08,prune,pruning,3,30,U3-01,13,9,761,526.85,palms,13.0,9.0,partial,
WO-2026-0909-U-175,2026-09-09,prune,pruning,1,27,U1-01,11,11,632,632.0,palms,11.0,11.0,completed,
WO-2026-0909-U-176,2026-09-09,prune,pruning,2,45,U2-01,9,8,504,436.8,palms,9.0,8.0,partial,
WO-2026-0909-U-177,2026-09-09,prune,pruning,3,30,U3-01,13,10,761,597.09,palms,13.0,10.0,partial,
WO-2026-0909-U-178,2026-09-09,spray,spraying,1,62,S1-01,2,2,4.23,4.23,ha,2.0,2.0,completed,
WO-2026-0909-U-179,2026-09-09,spray,spraying,2,60,S2-01,2,2,4.94,4.94,ha,2.0,2.0,completed,
WO-2026-0909-U-180,2026-09-09,spray,spraying,3,60,S3-01,1,1,2.11,2.11,ha,1.0,1.0,completed,
WO-2026-0909-U-181,2026-09-09,spray,spraying,3,66,S3-01,2,2,4.62,4.62,ha,2.0,2.0,completed,
WO-2026-0910-U-182,2026-09-10,weed,path_upkeep,1,58,U1-01,2,0,3.13,0.0,ha,2.0,0.0,weathered_off,
WO-2026-0910-U-183,2026-09-10,weed,path_upkeep,1,47,U1-01,2,2,3.14,3.14,ha,2.0,2.0,completed,
WO-2026-0910-U-184,2026-09-10,weed,path_upkeep,1,19,U1-01,2,1,3.12,1.72,ha,2.0,1.0,partial,
WO-2026-0910-U-185,2026-09-10,prune,pruning,2,45,U2-01,9,5,504,285.6,palms,9.0,5.0,partial,
WO-2026-0910-U-186,2026-09-10,prune,pruning,3,30,U3-01,13,0,761,0.0,palms,13.0,0.0,weathered_off,
WO-2026-0910-U-187,2026-09-10,spray,spraying,1,46,S1-01,2,0,3.63,0.0,ha,2.0,0.0,weathered_off,
WO-2026-0910-U-188,2026-09-10,spray,spraying,2,64,S2-01,1,1,3.13,3.13,ha,1.0,1.0,completed,
WO-2026-0911-U-189,2026-09-11,weed,path_upkeep,1,58,U1-01,2,2,3.13,3.13,ha,2.0,2.0,completed,
WO-2026-0911-U-190,2026-09-11,weed,path_upkeep,1,19,U1-01,2,2,3.12,3.12,ha,2.0,2.0,completed,
WO-2026-0911-U-191,2026-09-11,weed,circle_weeding,1,34,U1-01,4,4,4.26,4.26,ha,4.0,4.0,completed,
WO-2026-0911-U-192,2026-09-11,weed,path_upkeep,1,28,U1-01,3,2,4.19,2.23,ha,3.0,2.0,partial,
WO-2026-0911-U-193,2026-09-11,prune,pruning,2,45,U2-01,9,9,504,504.0,palms,9.0,9.0,completed,
WO-2026-0911-U-194,2026-09-11,weed,path_upkeep,2,48,U2-01,3,1,3.76,1.5,ha,3.0,1.0,partial,
WO-2026-0911-U-195,2026-09-11,prune,pruning,3,30,U3-01,13,11,761,632.22,palms,13.0,11.0,partial,
WO-2026-0911-U-196,2026-09-11,spray,spraying,1,46,S1-01,2,2,3.63,3.63,ha,2.0,2.0,completed,
WO-2026-0911-U-197,2026-09-11,spray,spraying,1,28,S1-01,2,2,4.19,4.19,ha,2.0,2.0,completed,
WO-2026-0912-U-198,2026-09-12,weed,path_upkeep,1,28,U1-01,3,3,4.19,4.19,ha,3.0,3.0,completed,
WO-2026-0912-U-199,2026-09-12,weed,circle_weeding,1,45,U1-01,3,3,3.8,3.8,ha,3.0,3.0,completed,
WO-2026-0912-U-200,2026-09-12,weed,circle_weeding,1,9,U1-01,3,3,3.79,3.79,ha,3.0,3.0,completed,
WO-2026-0912-U-201,2026-09-12,weed,circle_weeding,1,52,U1-01,4,2,3.87,2.32,ha,4.0,2.0,partial,
WO-2026-0912-U-202,2026-09-12,weed,path_upkeep,2,48,U2-01,3,3,3.76,3.76,ha,3.0,3.0,completed,
WO-2026-0912-U-203,2026-09-12,prune,pruning,2,56,U2-01,9,6,519,346.0,palms,9.0,6.0,partial,
WO-2026-0912-U-204,2026-09-12,prune,pruning,3,30,U3-01,13,11,761,632.22,palms,13.0,11.0,partial,
WO-2026-0912-U-205,2026-09-12,spray,spraying,1,5,S1-01,2,2,3.67,3.67,ha,2.0,2.0,completed,
WO-2026-0912-U-206,2026-09-12,spray,spraying,2,2,S2-01,2,2,3.96,3.96,ha,2.0,2.0,completed,
WO-2026-0912-U-207,2026-09-12,spray,spraying,3,23,S3-01,2,2,3.71,3.71,ha,2.0,2.0,completed,
WO-2026-0912-U-208,2026-09-12,spray,spraying,3,63,S3-01,1,1,1.71,1.71,ha,1.0,1.0,completed,
WO-2026-0914-U-209,2026-09-14,weed,circle_weeding,1,52,U1-01,4,4,3.87,3.87,ha,4.0,4.0,completed,
WO-2026-0914-U-210,2026-09-14,weed,circle_weeding,1,31,U1-01,4,4,4.17,4.17,ha,4.0,4.0,completed,
WO-2026-0914-U-211,2026-09-14,weed,circle_weeding,1,50,U1-01,1,1,1.18,1.18,ha,1.0,1.0,completed,
WO-2026-0914-U-212,2026-09-14,weed,path_upkeep,1,21,U1-01,3,2,3.8,3.04,ha,3.0,2.0,partial,
WO-2026-0914-U-213,2026-09-14,prune,pruning,2,56,U2-01,9,9,519,519.0,palms,9.0,9.0,completed,
WO-2026-0914-U-214,2026-09-14,weed,path_upkeep,2,45,U2-01,2,1,3.66,2.2,ha,2.0,1.0,partial,
WO-2026-0914-U-215,2026-09-14,prune,pruning,3,30,U3-01,13,11,761,632.22,palms,13.0,11.0,partial,
WO-2026-0914-U-216,2026-09-14,spray,spraying,1,66,S1-01,2,2,3.63,3.63,ha,2.0,2.0,completed,
WO-2026-0914-U-217,2026-09-14,spray,spraying,1,23,S1-01,2,2,3.75,3.75,ha,2.0,2.0,completed,
WO-2026-0914-U-218,2026-09-14,spray,spraying,1,51,S1-01,1,1,2.78,2.78,ha,1.0,1.0,completed,
WO-2026-0914-U-219,2026-09-14,spray,spraying,2,8,S2-01,1,1,3.39,3.39,ha,1.0,1.0,completed,
WO-2026-0915-U-220,2026-09-15,weed,path_upkeep,1,21,U1-01,3,3,3.8,3.8,ha,3.0,3.0,completed,
WO-2026-0915-U-221,2026-09-15,weed,path_upkeep,1,2,U1-01,1,1,1.95,1.95,ha,1.0,1.0,completed,
WO-2026-0915-U-222,2026-09-15,weed,path_upkeep,1,61,U1-01,3,3,4.63,4.63,ha,3.0,3.0,completed,
WO-2026-0915-U-223,2026-09-15,weed,circle_weeding,1,1,U1-01,1,1,0.83,0.83,ha,1.0,1.0,completed,
WO-2026-0915-U-224,2026-09-15,prune,pruning,1,55,U1-01,11,2,612,89.02,palms,11.0,2.0,partial,
WO-2026-0915-U-225,2026-09-15,weed,path_upkeep,2,45,U2-01,2,2,3.66,3.66,ha,2.0,2.0,completed,
WO-2026-0915-U-226,2026-09-15,weed,path_upkeep,2,49,U2-01,3,3,4.38,4.38,ha,3.0,3.0,completed,
WO-2026-0915-U-227,2026-09-15,prune,pruning,2,18,U2-01,10,6,596,345.68,palms,10.0,6.0,partial,
WO-2026-0915-U-228,2026-09-15,prune,pruning,3,30,U3-01,13,11,761,667.34,palms,13.0,11.0,partial,
WO-2026-0916-U-229,2026-09-16,prune,pruning,1,55,U1-01,11,10,612,534.11,palms,11.0,10.0,partial,
WO-2026-0916-U-230,2026-09-16,prune,pruning,2,18,U2-01,10,10,596,596.0,palms,10.0,10.0,completed,
WO-2026-0916-U-231,2026-09-16,prune,pruning,3,30,U3-01,13,10,761,561.97,palms,13.0,10.0,partial,
WO-2026-0916-U-232,2026-09-16,spray,spraying,1,24,S1-01,1,1,2.57,2.57,ha,1.0,1.0,completed,
WO-2026-0916-U-233,2026-09-16,spray,spraying,1,37,S1-01,2,2,3.92,3.92,ha,2.0,2.0,completed,
WO-2026-0916-U-234,2026-09-16,spray,spraying,2,9,S2-01,2,2,3.54,3.54,ha,2.0,2.0,completed,
WO-2026-0916-U-235,2026-09-16,spray,spraying,3,22,S3-01,2,2,3.99,3.99,ha,2.0,2.0,completed,
WO-2026-0917-U-236,2026-09-17,prune,pruning,1,55,U1-01,11,9,612,500.73,palms,11.0,9.0,partial,
WO-2026-0917-U-237,2026-09-17,weed,path_upkeep,2,38,U2-01,2,2,3.5,3.5,ha,2.0,2.0,completed,
WO-2026-0917-U-238,2026-09-17,weed,circle_weeding,2,1,U2-01,3,3,3.04,3.04,ha,3.0,3.0,completed,
WO-2026-0917-U-239,2026-09-17,weed,circle_weeding,2,5,U2-01,3,3,3.41,3.41,ha,3.0,3.0,completed,
WO-2026-0917-U-240,2026-09-17,prune,pruning,2,47,U2-01,10,2,588,129.36,palms,10.0,2.0,partial,
WO-2026-0917-U-241,2026-09-17,prune,pruning,3,30,U3-01,13,11,761,632.22,palms,13.0,11.0,partial,
WO-2026-0917-U-242,2026-09-17,spray,spraying,2,10,S2-01,2,2,3.54,3.54,ha,2.0,2.0,completed,
WO-2026-0918-U-243,2026-09-18,prune,pruning,1,55,U1-01,11,10,612,567.49,palms,11.0,10.0,partial,
WO-2026-0918-U-244,2026-09-18,prune,pruning,2,47,U2-01,10,10,588,588.0,palms,10.0,10.0,completed,
WO-2026-0918-U-245,2026-09-18,prune,pruning,3,30,U3-01,13,11,761,667.34,palms,13.0,11.0,partial,
WO-2026-0918-U-246,2026-09-18,spray,spraying,2,26,S2-01,2,2,4.06,4.06,ha,2.0,2.0,completed,
WO-2026-0919-U-247,2026-09-19,prune,pruning,1,55,U1-01,11,11,612,600.87,palms,11.0,11.0,partial,
WO-2026-0919-U-248,2026-09-19,prune,pruning,2,1,U2-01,7,7,419,419.0,palms,7.0,7.0,completed,
WO-2026-0919-U-249,2026-09-19,weed,path_upkeep,2,60,U2-01,3,3,4.94,4.94,ha,3.0,3.0,completed,
WO-2026-0919-U-250,2026-09-19,prune,pruning,3,30,U3-01,13,10,761,597.09,palms,13.0,10.0,partial,
WO-2026-0919-U-251,2026-09-19,spray,spraying,1,67,S1-01,1,1,3.5,3.5,ha,1.0,1.0,completed,
WO-2026-0919-U-252,2026-09-19,spray,spraying,2,7,S2-01,1,1,3.05,3.05,ha,1.0,1.0,completed,
WO-2026-0921-U-253,2026-09-21,prune,pruning,1,55,U1-01,11,10,612,567.49,palms,11.0,10.0,partial,
WO-2026-0921-U-254,2026-09-21,weed,circle_weeding,2,10,U2-01,3,3,3.54,3.54,ha,3.0,3.0,completed,
WO-2026-0921-U-255,2026-09-21,weed,path_upkeep,2,21,U2-01,3,3,4.31,4.31,ha,3.0,3.0,completed,
WO-2026-0921-U-256,2026-09-21,weed,circle_weeding,2,40,U2-01,3,3,3.77,3.77,ha,3.0,3.0,completed,
WO-2026-0921-U-257,2026-09-21,prune,pruning,3,30,U3-01,13,8,761,491.72,palms,13.0,8.0,partial,
WO-2026-0921-U-258,2026-09-21,spray,spraying,1,16,S1-01,2,2,3.86,3.86,ha,2.0,2.0,completed,
WO-2026-0921-U-259,2026-09-21,spray,spraying,1,32,S1-01,2,2,4.25,4.25,ha,2.0,2.0,completed,
WO-2026-0921-U-260,2026-09-21,spray,spraying,3,33,S3-01,2,2,4.2,4.2,ha,2.0,2.0,completed,
WO-2026-0921-U-261,2026-09-21,spray,spraying,3,50,S3-01,1,1,3.31,3.31,ha,1.0,1.0,completed,
WO-2026-0922-U-262,2026-09-22,prune,pruning,1,55,U1-01,11,6,612,317.13,palms,11.0,6.0,partial,
WO-2026-0922-U-263,2026-09-22,weed,circle_weeding,2,2,U2-01,4,4,3.96,3.96,ha,4.0,4.0,completed,
WO-2026-0922-U-264,2026-09-22,prune,pruning,3,30,U3-01,13,5,761,316.11,palms,13.0,5.0,partial,
WO-2026-0922-U-265,2026-09-22,spray,spraying,1,49,S1-01,2,0,3.87,0.0,ha,2.0,0.0,weathered_off,
WO-2026-0922-U-266,2026-09-22,spray,spraying,2,27,S2-01,2,2,4.51,4.51,ha,2.0,2.0,completed,
WO-2026-0922-U-267,2026-09-22,spray,spraying,3,8,S3-01,2,2,3.99,3.99,ha,2.0,2.0,completed,
WO-2026-0923-U-268,2026-09-23,prune,pruning,1,55,U1-01,11,11,612,600.87,palms,11.0,11.0,partial,
WO-2026-0923-U-269,2026-09-23,weed,circle_weeding,2,8,U2-01,3,3,3.39,3.39,ha,3.0,3.0,completed,
WO-2026-0923-U-270,2026-09-23,weed,path_upkeep,2,10,U2-01,2,2,3.54,3.54,ha,2.0,2.0,completed,
WO-2026-0923-U-271,2026-09-23,weed,path_upkeep,2,36,U2-01,3,3,4.11,4.11,ha,3.0,3.0,completed,
WO-2026-0923-U-272,2026-09-23,weed,circle_weeding,2,24,U2-01,4,2,4.48,1.79,ha,4.0,2.0,partial,
WO-2026-0923-U-273,2026-09-23,prune,pruning,3,30,U3-01,13,10,761,597.09,palms,13.0,10.0,partial,
WO-2026-0923-U-274,2026-09-23,spray,spraying,1,49,S1-01,2,2,3.87,3.87,ha,2.0,2.0,completed,
WO-2026-0924-U-275,2026-09-24,prune,pruning,1,55,U1-01,11,8,612,433.96,palms,11.0,8.0,partial,
WO-2026-0924-U-276,2026-09-24,weed,circle_weeding,2,24,U2-01,4,4,4.48,4.48,ha,4.0,4.0,completed,
WO-2026-0924-U-277,2026-09-24,weed,path_upkeep,2,66,U2-01,3,3,4.77,4.77,ha,3.0,3.0,completed,
WO-2026-0924-U-278,2026-09-24,weed,circle_weeding,2,17,U2-01,4,3,4.0,3.2,ha,4.0,3.0,partial,
WO-2026-0924-U-279,2026-09-24,prune,pruning,3,30,U3-01,13,10,761,597.09,palms,13.0,10.0,partial,
WO-2026-0924-U-280,2026-09-24,spray,spraying,2,48,S2-01,2,2,3.76,3.76,ha,2.0,2.0,completed,
WO-2026-0924-U-281,2026-09-24,spray,spraying,3,49,S3-01,2,2,3.67,3.67,ha,2.0,2.0,completed,
WO-2026-0924-U-282,2026-09-24,spray,spraying,3,58,S3-01,2,2,3.86,3.86,ha,2.0,2.0,completed,
WO-2026-0925-U-283,2026-09-25,prune,pruning,1,55,U1-01,11,10,612,567.49,palms,11.0,10.0,partial,
WO-2026-0925-U-284,2026-09-25,weed,circle_weeding,2,17,U2-01,4,4,4.0,4.0,ha,4.0,4.0,completed,
WO-2026-0925-U-285,2026-09-25,prune,pruning,2,48,U2-01,8,5,493,308.12,palms,8.0,5.0,partial,
WO-2026-0925-U-286,2026-09-25,prune,pruning,3,30,U3-01,13,10,761,561.97,palms,13.0,10.0,partial,
WO-2026-0925-U-287,2026-09-25,spray,spraying,2,12,S2-01,2,2,4.22,4.22,ha,2.0,2.0,completed,
WO-2026-0926-U-288,2026-09-26,prune,pruning,1,55,U1-01,11,10,612,534.11,palms,11.0,10.0,partial,
WO-2026-0926-U-289,2026-09-26,prune,pruning,2,48,U2-01,8,8,493,493.0,palms,8.0,8.0,completed,
WO-2026-0926-U-290,2026-09-26,weed,path_upkeep,2,56,U2-01,3,2,3.75,2.75,ha,3.0,2.0,partial,
WO-2026-0926-U-291,2026-09-26,prune,pruning,3,30,U3-01,13,10,761,561.97,palms,13.0,10.0,partial,
WO-2026-0926-U-292,2026-09-26,spray,spraying,3,31,S3-01,2,2,4.49,4.49,ha,2.0,2.0,completed,
WO-2026-0928-U-293,2026-09-28,prune,pruning,1,55,U1-01,11,8,612,467.35,palms,11.0,8.0,partial,
WO-2026-0928-U-294,2026-09-28,weed,path_upkeep,2,56,U2-01,3,3,3.75,3.75,ha,3.0,3.0,completed,
WO-2026-0928-U-295,2026-09-28,weed,circle_weeding,2,61,U2-01,4,4,4.3,4.3,ha,4.0,4.0,completed,
WO-2026-0928-U-296,2026-09-28,prune,pruning,2,19,U2-01,10,2,554,110.8,palms,10.0,2.0,partial,
WO-2026-0928-U-297,2026-09-28,prune,pruning,3,30,U3-01,13,11,761,632.22,palms,13.0,11.0,partial,
WO-2026-0928-U-298,2026-09-28,spray,spraying,1,19,S1-01,1,1,3.12,3.12,ha,1.0,1.0,completed,
WO-2026-0928-U-299,2026-09-28,spray,spraying,1,3,S1-01,1,1,0.94,0.94,ha,1.0,1.0,completed,
WO-2026-0929-U-300,2026-09-29,prune,pruning,1,55,U1-01,11,11,612,600.87,palms,11.0,11.0,partial,
WO-2026-0929-U-301,2026-09-29,prune,pruning,2,19,U2-01,10,9,554,498.6,palms,10.0,9.0,partial,
WO-2026-0929-U-302,2026-09-29,prune,pruning,3,30,U3-01,13,10,761,597.09,palms,13.0,10.0,partial,
WO-2026-0929-U-303,2026-09-29,spray,spraying,2,19,S2-01,2,2,4.1,4.1,ha,2.0,2.0,completed,
WO-2026-0929-U-304,2026-09-29,spray,spraying,3,48,S3-01,1,1,3.06,3.06,ha,1.0,1.0,completed,
WO-2026-0930-U-305,2026-09-30,prune,pruning,1,55,U1-01,11,5,612,300.44,palms,11.0,5.0,partial,
WO-2026-0930-U-306,2026-09-30,prune,pruning,2,19,U2-01,10,5,554,282.54,palms,10.0,5.0,partial,
WO-2026-0930-U-307,2026-09-30,prune,pruning,3,30,U3-01,13,5,761,280.98,palms,13.0,5.0,partial,
WO-2026-0930-U-308,2026-09-30,spray,spraying,1,13,S1-01,2,2,3.88,3.88,ha,2.0,2.0,completed,
WO-2026-1001-U-309,2026-10-01,prune,pruning,1,55,U1-01,11,5,612,283.75,palms,11.0,5.0,partial,
WO-2026-1001-U-310,2026-10-01,prune,pruning,2,19,U2-01,10,5,554,282.54,palms,10.0,5.0,partial,
WO-2026-1001-U-311,2026-10-01,prune,pruning,3,30,U3-01,13,5,761,280.98,palms,13.0,5.0,partial,
WO-2026-1002-U-312,2026-10-02,prune,pruning,1,55,U1-01,11,11,612,600.87,palms,11.0,11.0,partial,
WO-2026-1002-U-313,2026-10-02,prune,pruning,2,19,U2-01,10,10,554,554.0,palms,10.0,10.0,completed,
WO-2026-1002-U-314,2026-10-02,prune,pruning,3,30,U3-01,13,11,761,632.22,palms,13.0,11.0,partial,
WO-2026-1002-U-315,2026-10-02,spray,spraying,3,28,S3-01,2,2,5.11,5.11,ha,2.0,2.0,completed,
WO-2026-1002-U-316,2026-10-02,spray,spraying,3,29,S3-01,2,2,3.96,3.96,ha,2.0,2.0,completed,
WO-2026-1002-U-317,2026-10-02,spray,spraying,3,51,S3-01,2,2,3.88,3.88,ha,2.0,2.0,completed,
WO-2026-1003-U-318,2026-10-03,prune,pruning,1,55,U1-01,11,11,612,600.87,palms,11.0,11.0,partial,
WO-2026-1003-U-319,2026-10-03,weed,circle_weeding,2,50,U2-01,4,4,4.76,4.76,ha,4.0,4.0,completed,
WO-2026-1003-U-320,2026-10-03,weed,path_upkeep,2,20,U2-01,3,3,3.71,3.71,ha,3.0,3.0,completed,
WO-2026-1003-U-321,2026-10-03,weed,circle_weeding,2,63,U2-01,3,2,2.93,1.95,ha,3.0,2.0,partial,
WO-2026-1003-U-322,2026-10-03,prune,pruning,3,30,U3-01,13,10,761,561.97,palms,13.0,10.0,partial,
WO-2026-1003-U-323,2026-10-03,spray,spraying,1,4,S1-01,1,1,2.76,2.76,ha,1.0,1.0,completed,
WO-2026-1003-U-324,2026-10-03,spray,spraying,1,42,S1-01,1,1,2.53,2.53,ha,1.0,1.0,completed,
WO-2026-1003-U-325,2026-10-03,spray,spraying,2,51,S2-01,2,2,4.35,4.35,ha,2.0,2.0,completed,
WO-2026-1003-U-326,2026-10-03,spray,spraying,3,2,S3-01,2,2,4.22,4.22,ha,2.0,2.0,completed,
WO-2026-1005-U-327,2026-10-05,prune,pruning,1,55,U1-01,11,9,612,500.73,palms,11.0,9.0,partial,
WO-2026-1005-U-328,2026-10-05,weed,circle_weeding,2,63,U2-01,3,3,2.93,2.93,ha,3.0,3.0,completed,
WO-2026-1005-U-329,2026-10-05,weed,circle_weeding,2,11,U2-01,4,4,4.33,4.33,ha,4.0,4.0,completed,
WO-2026-1005-U-330,2026-10-05,weed,path_upkeep,2,13,U2-01,3,3,3.84,3.84,ha,3.0,3.0,completed,
WO-2026-1005-U-331,2026-10-05,prune,pruning,3,30,U3-01,13,11,761,632.22,palms,13.0,11.0,partial,
