crew_code,date,on_roll,present
G1-01,2026-08-22,26,24
G1-01,2026-08-24,26,24
G1-01,2026-08-25,26,21
G1-01,2026-08-26,26,23
G1-01,2026-08-27,26,22
G1-01,2026-08-28,26,26
G1-01,2026-08-29,26,22
G1-01,2026-08-31,26,23
G1-01,2026-09-01,26,24
G1-01,2026-09-02,26,22
G1-01,2026-09-03,26,25
G1-01,2026-09-04,26,24
G1-01,2026-09-05,26,22
G1-01,2026-09-07,26,25
G1-01,2026-09-08,26,23
G1-01,2026-09-09,26,20
G1-01,2026-09-10,26,24
G1-01,2026-09-11,26,24
G1-01,2026-09-12,26,19
G1-01,2026-09-14,26,25
G1-01,2026-09-15,26,22
G1-01,2026-09-16,26,24
G1-01,2026-09-17,26,25
G1-01,2026-09-18,26,24
G1-01,2026-09-19,26,24
G1-01,2026-09-21,26,22
G1-01,2026-09-22,26,22
G1-01,2026-09-23,26,25
G1-01,2026-09-24,26,25
G1-01,2026-09-25,26,25
G1-01,2026-09-26,26,26
G1-01,2026-09-28,26,24
G1-01,2026-09-29,26,23
G1-01,2026-09-30,26,24
G1-01,2026-10-01,26,23
G1-01,2026-10-02,26,25
G1-01,2026-10-03,26,23
G1-01,2026-10-05,26,25
G1-02,2026-08-22,24,24
G1-02,2026-08-24,24,24
G1-02,2026-08-25,24,20
G1-02,2026-08-26,24,23
G1-02,2026-08-27,24,23
G1-02,2026-08-28,24,23
G1-02,2026-08-29,24,23
G1-02,2026-08-31,24,23
G1-02,2026-09-01,24,21
G1-02,2026-09-02,24,22
G1-02,2026-09-03,24,21
G1-02,2026-09-04,24,22
G1-02,2026-09-05,24,21
G1-02,2026-09-07,24,24
G1-02,2026-09-08,24,22
G1-02,2026-09-09,24,24
G1-02,2026-09-10,24,21
G1-02,2026-09-11,24,22
G1-02,2026-09-12,24,22
G1-02,2026-09-14,24,24
G1-02,2026-09-15,24,23
G1-02,2026-09-16,24,23
G1-02,2026-09-17,24,23
G1-02,2026-09-18,24,20
G1-02,2026-09-19,24,21
G1-02,2026-09-21,24,21
G1-02,2026-09-22,24,22
G1-02,2026-09-23,24,22
G1-02,2026-09-24,24,22
G1-02,2026-09-25,24,22
G1-02,2026-09-26,24,24
G1-02,2026-09-28,24,21
G1-02,2026-09-29,24,23
G1-02,2026-09-30,24,22
G1-02,2026-10-01,24,22
G1-02,2026-10-02,24,19
G1-02,2026-10-03,24,22
G1-02,2026-10-05,24,22
G2-01,2026-08-22,26,24
G2-01,2026-08-24,26,24
G2-01,2026-08-25,26,24
G2-01,2026-08-26,26,25
G2-01,2026-08-27,26,23
G2-01,2026-08-28,26,24
G2-01,2026-08-29,26,24
G2-01,2026-08-31,26,24
G2-01,2026-09-01,26,25
G2-01,2026-09-02,26,22
G2-01,2026-09-03,26,23
G2-01,2026-09-04,26,22
G2-01,2026-09-05,26,23
G2-01,2026-09-07,26,22
G2-01,2026-09-08,26,24
G2-01,2026-09-09,26,24
G2-01,2026-09-10,26,25
G2-01,2026-09-11,26,24
G2-01,2026-09-12,26,25
G2-01,2026-09-14,26,25
G2-01,2026-09-15,26,25
G2-01,2026-09-16,26,24
G2-01,2026-09-17,26,24
G2-01,2026-09-18,26,25
G2-01,2026-09-19,26,23
G2-01,2026-09-21,26,25
G2-01,2026-09-22,26,22
G2-01,2026-09-23,26,24
G2-01,2026-09-24,26,24
G2-01,2026-09-25,26,23
G2-01,2026-09-26,26,23
G2-01,2026-09-28,26,21
G2-01,2026-09-29,26,24
G2-01,2026-09-30,26,26
G2-01,2026-10-01,26,23
G2-01,2026-10-02,26,22
G2-01,2026-10-03,26,23
G2-01,2026-10-05,26,24
G2-02,2026-08-22,24,19
G2-02,2026-08-24,24,22
G2-02,2026-08-25,24,24
G2-02,2026-08-26,24,24
G2-02,2026-08-27,24,22
G2-02,2026-08-28,24,21
G2-02,2026-08-29,24,22
G2-02,2026-08-31,24,21
G2-02,2026-09-01,24,23
G2-02,2026-09-02,24,21
G2-02,2026-09-03,24,21
G2-02,2026-09-04,24,24
G2-02,2026-09-05,24,21
G2-02,2026-09-07,24,21
G2-02,2026-09-08,24,22
G2-02,2026-09-09,24,22
G2-02,2026-09-10,24,18
G2-02,2026-09-11,24,23
G2-02,2026-09-12,24,20
G2-02,2026-09-14,24,22
G2-02,2026-09-15,24,24
G2-02,2026-09-16,24,23
G2-02,2026-09-17,24,21
G2-02,2026-09-18,24,22
G2-02,2026-09-19,24,24
G2-02,2026-09-21,24,24
G2-02,2026-09-22,24,22
G2-02,2026-09-23,24,23
G2-02,2026-09-24,24,22
G2-02,2026-09-25,24,21
G2-02,2026-09-26,24,22
G2-02,2026-09-28,24,21
G2-02,2026-09-29,24,23
G2-02,2026-09-30,24,23
G2-02,2026-10-01,24,24
G2-02,2026-10-02,24,23
G2-02,2026-10-03,24,23
G2-02,2026-10-05,24,21
G3-01,2026-08-22,27,25
G3-01,2026-08-24,27,26
G3-01,2026-08-25,27,24
G3-01,2026-08-26,27,23
G3-01,2026-08-27,27,22
G3-01,2026-08-28,27,24
G3-01,2026-08-29,27,26
G3-01,2026-08-31,27,26
G3-01,2026-09-01,27,24
G3-01,2026-09-02,27,25
G3-01,2026-09-03,27,25
G3-01,2026-09-04,27,27
G3-01,2026-09-05,27,24
G3-01,2026-09-07,27,24
G3-01,2026-09-08,27,26
G3-01,2026-09-09,27,22
G3-01,2026-09-10,27,23
G3-01,2026-09-11,27,25
G3-01,2026-09-12,27,26
G3-01,2026-09-14,27,25
G3-01,2026-09-15,27,24
G3-01,2026-09-16,27,25
G3-01,2026-09-17,27,25
G3-01,2026-09-18,27,25
G3-01,2026-09-19,27,26
G3-01,2026-09-21,27,25
G3-01,2026-09-22,27,23
G3-01,2026-09-23,27,25
G3-01,2026-09-24,27,26
G3-01,2026-09-25,27,26
G3-01,2026-09-26,27,25
G3-01,2026-09-28,27,26
G3-01,2026-09-29,27,24
G3-01,2026-09-30,27,26
G3-01,2026-10-01,27,23
G3-01,2026-10-02,27,26
G3-01,2026-10-03,27,22
G3-01,2026-10-05,27,27
U1-01,2026-08-22,19,17
U1-01,2026-08-24,19,19
U1-01,2026-08-25,19,18
U1-01,2026-08-26,19,17
U1-01,2026-08-27,19,15
U1-01,2026-08-28,19,16
U1-01,2026-08-29,19,18
U1-01,2026-08-31,19,18
U1-01,2026-09-01,19,18
U1-01,2026-09-02,19,17
U1-01,2026-09-03,19,19
U1-01,2026-09-04,19,17
U1-01,2026-09-05,19,19
U1-01,2026-09-07,19,17
U1-01,2026-09-08,19,18
U1-01,2026-09-09,19,19
U1-01,2026-09-10,19,17
U1-01,2026-09-11,19,16
U1-01,2026-09-12,19,19
U1-01,2026-09-14,19,19
U1-01,2026-09-15,19,16
U1-01,2026-09-16,19,16
U1-01,2026-09-17,19,15
U1-01,2026-09-18,19,17
U1-01,2026-09-19,19,18
U1-01,2026-09-21,19,17
U1-01,2026-09-22,19,19
U1-01,2026-09-23,19,18
U1-01,2026-09-24,19,13
U1-01,2026-09-25,19,17
U1-01,2026-09-26,19,16
U1-01,2026-09-28,19,14
U1-01,2026-09-29,19,18
U1-01,2026-09-30,19,18
U1-01,2026-10-01,19,17
U1-01,2026-10-02,19,18
U1-01,2026-10-03,19,18
U1-01,2026-10-05,19,15
U2-01,2026-08-22,18,18
U2-01,2026-08-24,18,15
U2-01,2026-08-25,18,16
U2-01,2026-08-26,18,16
U2-01,2026-08-27,18,16
U2-01,2026-08-28,18,17
U2-01,2026-08-29,18,17
U2-01,2026-08-31,18,16
U2-01,2026-09-01,18,18
U2-01,2026-09-02,18,18
U2-01,2026-09-03,18,17
U2-01,2026-09-04,18,16
U2-01,2026-09-05,18,18
U2-01,2026-09-07,18,17
U2-01,2026-09-08,18,17
U2-01,2026-09-09,18,13
U2-01,2026-09-10,18,17
U2-01,2026-09-11,18,17
U2-01,2026-09-12,18,15
U2-01,2026-09-14,18,17
U2-01,2026-09-15,18,18
U2-01,2026-09-16,18,18
U2-01,2026-09-17,18,17
U2-01,2026-09-18,18,17
U2-01,2026-09-19,18,17
U2-01,2026-09-21,18,15
U2-01,2026-09-22,18,14
U2-01,2026-09-23,18,16
U2-01,2026-09-24,18,17
U2-01,2026-09-25,18,15
U2-01,2026-09-26,18,17
U2-01,2026-09-28,18,15
U2-01,2026-09-29,18,15
U2-01,2026-09-30,18,17
U2-01,2026-10-01,18,17
U2-01,2026-10-02,18,18
U2-01,2026-10-03,18,15
U2-01,2026-10-05,18,18
U3-01,2026-08-22,19,16
U3-01,2026-08-24,19,17
U3-01,2026-08-25,19,16
U3-01,2026-08-26,19,18
U3-01,2026-08-27,19,19
U3-01,2026-08-28,19,19
U3-01,2026-08-29,19,15
U3-01,2026-08-31,19,14
U3-01,2026-09-01,19,16
U3-01,2026-09-02,19,16
U3-01,2026-09-03,19,18
U3-01,2026-09-04,19,19
U3-01,2026-09-05,19,18
U3-01,2026-09-07,19,19
U3-01,2026-09-08,19,15
U3-01,2026-09-09,19,17
U3-01,2026-09-10,19,19
U3-01,2026-09-11,19,18
U3-01,2026-09-12,19,18
U3-01,2026-09-14,19,18
U3-01,2026-09-15,19,19
U3-01,2026-09-16,19,16
U3-01,2026-09-17,19,18
U3-01,2026-09-18,19,19
U3-01,2026-09-19,19,17
U3-01,2026-09-21,19,14
U3-01,2026-09-22,19,18
U3-01,2026-09-23,19,17
U3-01,2026-09-24,19,17
U3-01,2026-09-25,19,16
U3-01,2026-09-26,19,16
U3-01,2026-09-28,19,18
U3-01,2026-09-29,19,17
U3-01,2026-09-30,19,16
U3-01,2026-10-01,19,16
U3-01,2026-10-02,19,18
U3-01,2026-10-03,19,16
U3-01,2026-10-05,19,18
S1-01,2026-08-22,15,15
S1-01,2026-08-24,15,12
S1-01,2026-08-25,15,14
S1-01,2026-08-26,15,13
S1-01,2026-08-27,15,15
S1-01,2026-08-28,15,13
S1-01,2026-08-29,15,14
S1-01,2026-08-31,15,15
S1-01,2026-09-01,15,14
S1-01,2026-09-02,15,13
S1-01,2026-09-03,15,13
S1-01,2026-09-04,15,14
S1-01,2026-09-05,15,14
S1-01,2026-09-07,15,15
S1-01,2026-09-08,15,15
S1-01,2026-09-09,15,14
S1-01,2026-09-10,15,14
S1-01,2026-09-11,15,14
S1-01,2026-09-12,15,15
S1-01,2026-09-14,15,14
S1-01,2026-09-15,15,12
S1-01,2026-09-16,15,15
S1-01,2026-09-17,15,13
S1-01,2026-09-18,15,15
S1-01,2026-09-19,15,13
S1-01,2026-09-21,15,15
S1-01,2026-09-22,15,14
S1-01,2026-09-23,15,14
S1-01,2026-09-24,15,15
S1-01,2026-09-25,15,14
S1-01,2026-09-26,15,15
S1-01,2026-09-28,15,12
S1-01,2026-09-29,15,15
S1-01,2026-09-30,15,14
S1-01,2026-10-01,15,15
S1-01,2026-10-02,15,15
S1-01,2026-10-03,15,13
S1-01,2026-10-05,15,13
S2-01,2026-08-22,14,13
S2-01,2026-08-24,14,13
S2-01,2026-08-25,14,12
S2-01,2026-08-26,14,13
S2-01,2026-08-27,14,13
S2-01,2026-08-28,14,13
S2-01,2026-08-29,14,13
S2-01,2026-08-31,14,13
S2-01,2026-09-01,14,13
S2-01,2026-09-02,14,12
S2-01,2026-09-03,14,14
S2-01,2026-09-04,14,14
S2-01,2026-09-05,14,14
S2-01,2026-09-07,14,11
S2-01,2026-09-08,14,13
S2-01,2026-09-09,14,13
S2-01,2026-09-10,14,12
S2-01,2026-09-11,14,12
S2-01,2026-09-12,14,14
S2-01,2026-09-14,14,13
S2-01,2026-09-15,14,10
S2-01,2026-09-16,14,13
S2-01,2026-09-17,14,14
S2-01,2026-09-18,14,11
S2-01,2026-09-19,14,14
S2-01,2026-09-21,14,14
S2-01,2026-09-22,14,13
S2-01,2026-09-23,14,14
S2-01,2026-09-24,14,13
S2-01,2026-09-25,14,11
S2-01,2026-09-26,14,13
S2-01,2026-09-28,14,12
S2-01,2026-09-29,14,13
S2-01,2026-09-30,14,14
S2-01,2026-10-01,14,11
S2-01,2026-10-02,14,12
S2-01,2026-10-03,14,14
S2-01,2026-10-05,14,14
S3-01,2026-08-22,16,16
S3-01,2026-08-24,16,13
S3-01,2026-08-25,16,15
S3-01,2026-08-26,16,15
S3-01,2026-08-27,16,15
S3-01,2026-08-28,16,14
S3-01,2026-08-29,16,14
S3-01,2026-08-31,16,14
S3-01,2026-09-01,16,13
S3-01,2026-09-02,16,16
S3-01,2026-09-03,16,16
S3-01,2026-09-04,16,14
S3-01,2026-09-05,16,15
S3-01,2026-09-07,16,15
S3-01,2026-09-08,16,12
S3-01,2026-09-09,16,15
S3-01,2026-09-10,16,14
S3-01,2026-09-11,16,14
S3-01,2026-09-12,16,15
S3-01,2026-09-14,16,15
S3-01,2026-09-15,16,15
S3-01,2026-09-16,16,12
S3-01,2026-09-17,16,15
S3-01,2026-09-18,16,16
S3-01,2026-09-19,16,16
S3-01,2026-09-21,16,14
S3-01,2026-09-22,16,15
S3-01,2026-09-23,16,16
S3-01,2026-09-24,16,15
S3-01,2026-09-25,16,14
S3-01,2026-09-26,16,15
S3-01,2026-09-28,16,15
S3-01,2026-09-29,16,15
S3-01,2026-09-30,16,14
S3-01,2026-10-01,16,10
S3-01,2026-10-02,16,15
S3-01,2026-10-03,16,15
S3-01,2026-10-05,16,16
