division_code,block_code,block_label,planted_ha,palms,planted_year,abw_kg,rotation_target_days,gang_code,road_condition,bunches_per_day,centroid_lon,centroid_lat,geometry
1,1,1-1,0.81,111,2010,21.7,10,,poor,4.0,100.179349,1.614848,"100.180009 1.614925,100.180001 1.614816,100.178836 1.614305,100.178964 1.615229,100.179821 1.615161,100.180009 1.614925"
1,2,1-2,2.23,306,2011,21.9,10,,fair,11.0,100.181135,1.614657,"100.180045 1.614923,100.180216 1.615136,100.181274 1.615094,100.182317 1.615087,100.182132 1.614502,100.180796 1.613906,100.180036 1.614809,100.180045 1.614923"
1,3,1-3,3.91,537,2010,22.2,10,,good,19.8,100.179698,1.613642,"100.178662 1.613087,100.178829 1.614263,100.180013 1.614781,100.180772 1.613878,100.180687 1.613348,100.179816 1.612495,100.178662 1.613087"
1,4,1-4,3.8,497,2010,22.4,10,,good,19.0,100.18194,1.61339,"100.180723 1.613347,100.180807 1.613871,100.182142 1.614467,100.183090 1.613446,100.182358 1.612141,100.180723 1.613347"
1,5,1-5,3.37,462,2011,21.7,10,,fair,17.8,100.18336,1.614439,"100.182167 1.614493,100.182354 1.615087,100.184341 1.615096,100.184634 1.614708,100.183754 1.613627,100.183118 1.613469,100.182167 1.614493"
1,6,1-6,4.55,602,2012,22.0,10,,good,20.2,100.18503,1.613498,"100.183787 1.613610,100.184666 1.614689,100.185185 1.614681,100.186328 1.613459,100.186316 1.613218,100.185456 1.612622,100.184817 1.612143,100.183787 1.613610"
1,7,1-7,2.78,384,2012,22.6,10,,fair,14.8,100.186442,1.614457,"100.185217 1.614699,100.185526 1.615065,100.186605 1.614996,100.187648 1.614898,100.187627 1.614501,100.186348 1.613490,100.185217 1.614699"
1,8,1-8,4.26,572,2013,22.2,10,,fair,22.7,100.187669,1.613321,"100.186364 1.613457,100.187645 1.614469,100.188902 1.613573,100.188767 1.612618,100.186999 1.612432,100.186352 1.613214,100.186364 1.613457"
1,9,1-9,2.18,289,2011,22.2,10,,good,10.4,100.188828,1.614363,"100.190124 1.614461,100.188921 1.613604,100.187663 1.614500,100.187684 1.614894,100.189879 1.614675,100.190124 1.614461"
1,10,1-10,4.33,569,2012,22.4,10,,fair,19.2,100.189896,1.613135,"100.190148 1.614434,100.191241 1.612973,100.191223 1.612816,100.189242 1.611968,100.188801 1.612605,100.188938 1.613571,100.190148 1.614434"
1,11,1-11,3.23,443,2012,21.7,10,,fair,15.7,100.191542,1.614023,"100.190175 1.614458,100.190325 1.614642,100.191380 1.614584,100.192879 1.614536,100.192831 1.614005,100.191264 1.613002,100.190175 1.614458"
1,12,1-12,2.66,368,2013,22.1,10,,good,13.7,100.193941,1.613951,"100.192867 1.614002,100.192915 1.614535,100.195031 1.614473,100.194855 1.613722,100.193923 1.613019,100.192867 1.614002"
1,13,1-13,2.36,316,2013,22.3,10,,good,10.8,100.1959,1.613889,"100.194892 1.613721,100.195067 1.614471,100.196565 1.614409,100.197005 1.613930,100.196108 1.613083,100.194892 1.613721"
1,14,1-14,2.81,380,2014,22.5,10,,fair,13.6,100.19882,1.613754,"100.197977 1.614350,100.199921 1.614275,100.199887 1.613431,100.198220 1.612956,100.197700 1.613912,100.197977 1.614350"
1,15,1-15,2.26,297,2015,22.4,10,,good,11.2,100.200729,1.613638,"100.199957 1.614274,100.201576 1.614186,100.201470 1.613377,100.200813 1.612728,100.199923 1.613426,100.199957 1.614274"
1,16,1-16,1.86,245,2009,21.9,10,,fair,9.3,100.17909,1.612138,"100.179800 1.612463,100.179754 1.611737,100.178504 1.611292,100.178552 1.612064,100.178657 1.613049,100.179800 1.612463"
1,17,1-17,4.2,573,2010,22.2,10,,fair,19.9,100.180855,1.612091,"100.179837 1.612465,100.180705 1.613315,100.182347 1.612097,100.180554 1.610861,100.179789 1.611730,100.179837 1.612465"
1,18,1-18,4.32,592,2012,22.1,10,,good,20.8,100.18358,1.612329,"100.183124 1.613433,100.183757 1.613590,100.184794 1.612113,100.184699 1.611690,100.183204 1.611222,100.182383 1.612095,100.183124 1.613433"
1,19,1-19,4.61,614,2013,21.6,10,,good,21.5,100.185946,1.611824,"100.184830 1.612107,100.185477 1.612593,100.186330 1.613184,100.186973 1.612407,100.186892 1.611361,100.186144 1.610645,100.185481 1.610669,100.184733 1.611680,100.184830 1.612107"
1,20,1-20,5.13,678,2012,22.0,10,,good,23.7,100.19258,1.612657,"100.191277 1.612967,100.192846 1.613972,100.193904 1.612988,100.193884 1.612531,100.192507 1.611375,100.191866 1.611555,100.191258 1.612807,100.191277 1.612967"
1,21,1-21,3.01,416,2014,21.9,10,,good,15.8,100.19498,1.612792,"100.193920 1.612530,100.193939 1.612986,100.194873 1.613690,100.196091 1.613051,100.196005 1.612398,100.194595 1.611966,100.193920 1.612530"
1,22,1-22,4.17,558,2014,22.3,10,,good,19.6,100.197086,1.612762,"100.196040 1.612389,100.196128 1.613052,100.197038 1.613911,100.197668 1.613895,100.198192 1.612930,100.198175 1.612741,100.197052 1.611516,100.196770 1.611462,100.196040 1.612389"
1,23,1-23,3.86,515,2015,21.7,10,,good,17.8,100.199566,1.612458,"100.198211 1.612739,100.198228 1.612920,100.199900 1.613398,100.200796 1.612695,100.200792 1.612383,100.199641 1.611334,100.199479 1.611294,100.198211 1.612739"
1,24,1-24,3.98,536,2011,22.5,10,,poor,17.9,100.179373,1.610558,"100.179766 1.611703,100.180532 1.610831,100.180034 1.610118,100.179576 1.609407,100.179060 1.609341,100.178475 1.610025,100.178502 1.611253,100.179766 1.611703"
1,25,1-25,4.49,608,2011,21.6,10,,fair,20.6,100.182065,1.610793,"100.180573 1.610831,100.182363 1.612064,100.183180 1.611195,100.183094 1.610420,100.182128 1.609485,100.180573 1.610831"
1,26,1-26,4.07,545,2013,21.8,10,,good,19.1,100.184303,1.610578,"100.183215 1.611188,100.184707 1.611655,100.185451 1.610650,100.184697 1.609278,100.183130 1.610420,100.183215 1.611188"
1,27,1-27,3.93,528,2014,21.5,10,,good,19.7,100.188098,1.611718,"100.187008 1.612397,100.188774 1.612582,100.189217 1.611940,100.189209 1.611553,100.188632 1.610691,100.188512 1.610672,100.186928 1.611364,100.187008 1.612397"
1,28,1-28,3.44,474,2014,21.5,10,,good,16.9,100.189772,1.610463,"100.189233 1.611524,100.191001 1.610627,100.190959 1.610234,100.189554 1.609342,100.188665 1.610674,100.189233 1.611524"
1,29,1-29,3.83,521,2013,21.6,10,,fair,18.6,100.190641,1.611715,"100.189253 1.611933,100.191231 1.612780,100.191831 1.611542,100.191016 1.610660,100.189245 1.611559,100.189253 1.611933"
1,30,1-30,3.63,494,2013,21.8,10,,good,16.8,100.193711,1.611333,"100.193902 1.612498,100.194574 1.611936,100.194746 1.610855,100.193139 1.610288,100.192534 1.611351,100.193902 1.612498"
1,31,1-31,3.47,473,2014,22.5,10,,fair,17.3,100.195615,1.611369,"100.194611 1.611933,100.196015 1.612363,100.196740 1.611442,100.195848 1.610340,100.195557 1.610308,100.194783 1.610854,100.194611 1.611933"
1,32,1-32,3.76,509,2014,22.1,10,,fair,17.3,100.198324,1.611393,"100.198192 1.612706,100.199450 1.611272,100.198667 1.610061,100.197873 1.610804,100.197087 1.611500,100.198192 1.612706"
1,33,1-33,2.36,316,2016,20.2,10,,good,11.3,100.200641,1.611288,"100.200811 1.612351,100.201266 1.611978,100.201156 1.611101,100.201081 1.610219,100.200956 1.610100,100.199677 1.611317,100.200811 1.612351"
1,34,1-34,4.3,568,2011,21.4,10,,good,20.5,100.180852,1.609443,"100.180554 1.610800,100.182110 1.609453,100.182086 1.609075,100.180805 1.608209,100.179609 1.609393,100.180063 1.610098,100.180554 1.610800"
1,35,1-35,3.64,481,2013,21.5,10,,good,17.8,100.183244,1.609281,"100.182146 1.609453,100.183112 1.610388,100.184684 1.609244,100.183015 1.608208,100.182122 1.609071,100.182146 1.609453"
1,36,1-36,3.92,536,2013,22.0,10,,good,21.1,100.185822,1.609493,"100.184721 1.609248,100.185483 1.610633,100.186141 1.610609,100.187048 1.609283,100.185545 1.608261,100.184721 1.609248"
1,37,1-37,3.01,415,2013,22.5,10,,good,14.8,100.187239,1.610393,"100.186174 1.610625,100.186913 1.611331,100.188479 1.610647,100.187755 1.609882,100.187217 1.609259,100.187084 1.609294,100.186174 1.610625"
1,38,1-38,3.95,536,2015,22.4,10,,good,18.7,100.188444,1.60933,"100.187247 1.609239,100.187782 1.609858,100.188519 1.610636,100.188635 1.610655,100.189531 1.609313,100.189510 1.608935,100.188188 1.608121,100.187247 1.609239"
1,39,1-39,4.61,633,2014,22.6,10,,good,20.8,100.192099,1.610189,"100.191859 1.611519,100.192499 1.611339,100.193113 1.610261,100.193109 1.609751,100.192161 1.608625,100.190995 1.610228,100.191037 1.610630,100.191859 1.611519"
1,40,1-40,3.07,420,2015,21.6,10,,fair,14.2,100.194317,1.609983,"100.194764 1.610823,100.195526 1.610285,100.195036 1.609651,100.194582 1.609012,100.193145 1.609755,100.193149 1.610253,100.194764 1.610823"
1,41,1-41,4.1,568,2015,21.6,10,,good,20.9,100.195748,1.609072,"100.194607 1.608985,100.195065 1.609629,100.195561 1.610272,100.195851 1.610304,100.197114 1.608858,100.195754 1.608017,100.194710 1.608420,100.194607 1.608985"
1,42,1-42,4.78,657,2015,22.0,10,,fair,25.1,100.197221,1.610178,"100.196773 1.611426,100.197056 1.611480,100.197849 1.610777,100.198652 1.610025,100.198646 1.609892,100.197211 1.608857,100.197151 1.608870,100.195881 1.610323,100.196773 1.611426"
1,43,1-43,4.05,558,2016,21.0,10,,good,18.9,100.199833,1.609993,"100.198688 1.610027,100.199483 1.611257,100.199645 1.611297,100.200938 1.610068,100.200925 1.609613,100.199983 1.608716,100.198682 1.609891,100.198688 1.610027"
1,44,1-44,4.06,530,2011,22.3,10,,fair,20.9,100.179531,1.608234,"100.179063 1.609305,100.179580 1.609371,100.180785 1.608178,100.180771 1.607831,100.179196 1.607095,100.178423 1.608090,100.178435 1.608337,100.179063 1.609305"
1,45,1-45,4.15,547,2012,22.3,10,,good,21.8,100.181898,1.607804,"100.180820 1.608176,100.182101 1.609041,100.182996 1.608176,100.183018 1.607977,100.182240 1.606694,100.181443 1.606673,100.180807 1.607824,100.180820 1.608176"
1,46,1-46,4.02,555,2013,22.2,10,,good,21.6,100.184442,1.608043,"100.184701 1.609212,100.185524 1.608230,100.185535 1.607912,100.185539 1.607757,100.184765 1.606866,100.183054 1.607983,100.183032 1.608176,100.184701 1.609212"
1,47,1-47,3.98,536,2014,22.6,10,,fair,18.0,100.18686,1.608141,"100.185560 1.608227,100.187076 1.609259,100.187213 1.609222,100.188166 1.608091,100.188155 1.607924,100.186906 1.607139,100.185575 1.607762,100.185560 1.608227"
1,48,1-48,3.93,544,2016,20.4,10,,fair,17.6,100.190784,1.609018,"100.189566 1.609307,100.190972 1.610198,100.192142 1.608592,100.192134 1.608541,100.190572 1.608015,100.189545 1.608932,100.189566 1.609307"
1,49,1-49,4.55,622,2015,21.7,10,,good,22.9,100.193432,1.608495,"100.192178 1.608589,100.193131 1.609721,100.194572 1.608977,100.194675 1.608412,100.193671 1.607328,100.192923 1.607473,100.192170 1.608532,100.192178 1.608589"
1,50,1-50,5.84,775,2015,22.3,10,,good,28.8,100.198622,1.608407,"100.197973 1.607202,100.197238 1.608832,100.198663 1.609860,100.199967 1.608682,100.200044 1.608281,100.198700 1.606992,100.197973 1.607202"
1,51,1-51,1.46,195,2015,22.1,10,,fair,7.2,100.200635,1.608618,"100.200946 1.609583,100.201048 1.609528,100.201022 1.607875,100.200678 1.607835,100.200080 1.608285,100.200003 1.608685,100.200946 1.609583"
2,1,2-1,1.44,190,2012,21.7,10,,fair,7.0,100.178668,1.606867,"100.179172 1.607067,100.179157 1.606460,100.178228 1.605876,100.178358 1.607189,100.178420 1.608036,100.179172 1.607067"
2,2,2-2,3.79,524,2013,22.0,10,,fair,20.2,100.180319,1.606662,"100.179208 1.607061,100.180781 1.607796,100.181411 1.606655,100.180930 1.605950,100.180543 1.605432,100.179193 1.606458,100.179208 1.607061"
2,3,2-3,3.59,480,2013,22.1,10,,good,18.2,100.183425,1.606796,"100.183042 1.607948,100.184748 1.606834,100.184697 1.606589,100.183204 1.605731,100.182273 1.606679,100.183042 1.607948"
2,4,2-4,4.45,611,2014,21.4,10,,poor,22.2,100.185918,1.606517,"100.184784 1.606834,100.185563 1.607729,100.186891 1.607107,100.187052 1.605915,100.185595 1.605304,100.184733 1.606581,100.184784 1.606834"
2,5,2-5,4.16,547,2014,22.0,10,,fair,22.4,100.187937,1.606562,"100.188167 1.607888,100.189065 1.606400,100.188163 1.605279,100.187088 1.605915,100.186927 1.607110,100.188167 1.607888"
2,6,2-6,4.43,606,2015,21.5,10,,fair,22.8,100.189407,1.607666,"100.188201 1.608087,100.189525 1.608902,100.190548 1.607988,100.190423 1.607263,100.189420 1.606398,100.189097 1.606417,100.188191 1.607918,100.188201 1.608087"
2,7,2-7,4.17,558,2017,18.6,10,,fair,18.6,100.191663,1.607416,"100.190459 1.607261,100.190583 1.607981,100.192144 1.608506,100.192890 1.607457,100.191823 1.606130,100.190459 1.607261"
2,8,2-8,3.43,467,2016,20.7,10,,good,16.5,100.194837,1.607363,"100.193700 1.607306,100.194699 1.608385,100.195739 1.607984,100.195863 1.606932,100.194287 1.606364,100.193700 1.607306"
2,9,2-9,4.36,601,2015,22.2,10,,fair,20.3,100.196806,1.607475,"100.195775 1.607987,100.197145 1.608834,100.197203 1.608822,100.197938 1.607192,100.196747 1.606110,100.195899 1.606928,100.195775 1.607987"
2,10,2-10,4.35,597,2016,20.9,10,,good,21.3,100.199913,1.606884,"100.198727 1.606968,100.200065 1.608251,100.200657 1.607806,100.200952 1.606466,100.199895 1.605642,100.199349 1.605818,100.198727 1.606968"
2,11,2-11,4.34,589,2013,22.4,10,,fair,22.4,100.179233,1.605242,"100.179174 1.606427,100.180529 1.605398,100.180529 1.605161,100.179447 1.604140,100.179033 1.604107,100.178127 1.604929,100.178223 1.605830,100.179174 1.606427"
2,12,2-12,4.91,655,2013,22.2,10,,good,25.5,100.181914,1.605525,"100.180565 1.605401,100.180959 1.605929,100.181442 1.606637,100.182244 1.606658,100.183182 1.605702,100.183066 1.605042,100.182011 1.604311,100.180565 1.605164,100.180565 1.605401"
2,13,2-13,4.66,625,2013,21.7,10,,good,22.0,100.184355,1.605254,"100.184708 1.606554,100.185569 1.605277,100.185525 1.604962,100.184395 1.603938,100.183102 1.605038,100.183217 1.605697,100.184708 1.606554"
2,14,2-14,4.2,569,2016,20.7,10,,good,20.6,100.189447,1.605159,"100.188186 1.605250,100.189095 1.606381,100.189419 1.606362,100.190606 1.605131,100.190473 1.604512,100.189630 1.603925,100.188196 1.605150,100.188186 1.605250"
2,15,2-15,3.12,422,2016,20.6,10,,poor,15.4,100.190638,1.606181,"100.189453 1.606378,100.190439 1.607230,100.191806 1.606097,100.191783 1.605869,100.190628 1.605160,100.189453 1.606378"
2,16,2-16,4.88,666,2017,19.6,10,,fair,22.7,100.193098,1.606169,"100.191842 1.606098,100.192920 1.607436,100.193666 1.607292,100.194261 1.606337,100.194249 1.605761,100.192863 1.604850,100.191818 1.605865,100.191842 1.606098"
2,17,2-17,3.9,539,2017,19.0,10,,good,19.6,100.195484,1.605903,"100.194297 1.606329,100.195878 1.606899,100.196728 1.606078,100.196710 1.605768,100.195387 1.604768,100.194285 1.605759,100.194297 1.606329"
2,18,2-18,4.79,658,2016,20.0,10,,good,24.2,100.198022,1.60593,"100.196764 1.606077,100.197965 1.607167,100.198693 1.606956,100.199314 1.605808,100.197920 1.604545,100.196746 1.605765,100.196764 1.606077"
2,19,2-19,1.26,166,2016,20.9,10,,good,6.4,100.200527,1.605472,"100.199921 1.605616,100.200529 1.606087,100.200967 1.606432,100.200795 1.604725,100.200438 1.604628,100.199921 1.605616"
2,20,2-20,1.22,163,2014,21.4,10,,poor,5.8,100.17836,1.603934,"100.179002 1.604086,100.178126 1.602993,100.177955 1.603094,100.178122 1.604884,100.179002 1.604086"
2,21,2-21,4.5,602,2013,21.8,10,,good,23.8,100.180675,1.603863,"100.180549 1.605131,100.181992 1.604280,100.180735 1.602450,100.180370 1.602506,100.179477 1.604119,100.180549 1.605131"
2,22,2-22,3.61,498,2013,21.7,10,,poor,18.7,100.183192,1.603866,"100.182027 1.604271,100.183082 1.605008,100.183894 1.604331,100.184377 1.603906,100.184377 1.603881,100.183197 1.602516,100.182027 1.604271"
2,23,2-23,3.95,532,2013,22.3,10,,fair,19.6,100.185645,1.603657,"100.184413 1.603905,100.185540 1.604928,100.186905 1.603520,100.185780 1.602402,100.185628 1.602437,100.184815 1.603393,100.184413 1.603881,100.184413 1.603905"
2,24,2-24,4.08,541,2013,21.8,10,,fair,19.1,100.186864,1.604862,"100.187070 1.605884,100.188150 1.605245,100.188160 1.605146,100.186960 1.603542,100.186937 1.603539,100.185560 1.604959,100.185604 1.605268,100.187070 1.605884"
2,25,2-25,4.26,560,2014,21.7,10,,good,22.8,100.188308,1.603786,"100.186995 1.603528,100.188182 1.605114,100.189609 1.603895,100.189560 1.603681,100.188312 1.602564,100.186995 1.603528"
2,26,2-26,3.57,490,2016,20.5,10,,poor,16.1,100.191638,1.604753,"100.191797 1.605836,100.192842 1.604820,100.192834 1.604737,100.191722 1.603641,100.190509 1.604509,100.190641 1.605126,100.191797 1.605836"
2,27,2-27,4.02,534,2017,19.1,10,,poor,19.9,100.194114,1.604566,"100.192878 1.604816,100.194265 1.605728,100.195367 1.604738,100.195353 1.604549,100.193907 1.603256,100.192870 1.604734,100.192878 1.604816"
2,28,2-28,4.45,583,2017,19.7,10,,fair,22.8,100.196651,1.604443,"100.195403 1.604736,100.196726 1.605734,100.197902 1.604512,100.197903 1.604296,100.196729 1.603195,100.196497 1.603157,100.195389 1.604546,100.195403 1.604736"
2,29,2-29,4.41,604,2016,20.5,10,,good,22.8,100.199255,1.60456,"100.199341 1.605783,100.199886 1.605606,100.200410 1.604604,100.200357 1.604213,100.199142 1.603340,100.197939 1.604297,100.197938 1.604512,100.199341 1.605783"
2,30,2-30,3.98,539,2013,22.5,10,,good,20.7,100.179172,1.60284,"100.178148 1.602963,100.179036 1.604071,100.179444 1.604104,100.180335 1.602496,100.178947 1.601579,100.178144 1.602597,100.178148 1.602963"
2,31,2-31,3.79,525,2013,22.1,10,,good,19.1,100.181936,1.602792,"100.180767 1.602432,100.182009 1.604235,100.183176 1.602483,100.183165 1.602435,100.181444 1.601700,100.180767 1.602432"
2,32,2-32,3.42,459,2012,22.1,10,,good,15.4,100.184327,1.602607,"100.183212 1.602478,100.184394 1.603846,100.185590 1.602426,100.183907 1.601542,100.183200 1.602426,100.183212 1.602478"
2,33,2-33,3.98,524,2013,21.8,10,,good,18.1,100.186936,1.60231,"100.185807 1.602379,100.186646 1.603225,100.186938 1.603503,100.186965 1.603506,100.188295 1.602531,100.188302 1.602424,100.187412 1.601757,100.186423 1.600955,100.185807 1.602379"
2,34,2-34,4.14,565,2014,22.3,10,,good,21.5,100.189487,1.602302,"100.188338 1.602421,100.188331 1.602533,100.189575 1.603646,100.190527 1.602487,100.190432 1.601740,100.189290 1.601006,100.189258 1.601013,100.188338 1.602421"
2,35,2-35,2.9,382,2015,21.4,10,,poor,15.3,100.190651,1.603522,"100.189645 1.603891,100.190489 1.604479,100.191706 1.603608,100.191726 1.603259,100.190550 1.602516,100.189596 1.603677,100.189645 1.603891"
2,36,2-36,3.79,518,2016,20.1,10,,good,20.3,100.192789,1.603361,"100.191742 1.603610,100.192849 1.604701,100.193885 1.603224,100.193856 1.603002,100.192701 1.602104,100.191762 1.603257,100.191742 1.603610"
2,37,2-37,4.22,563,2017,19.4,10,,poor,20.1,100.195207,1.603192,"100.193921 1.603220,100.195368 1.604514,100.196466 1.603138,100.195364 1.601954,100.193892 1.603000,100.193921 1.603220"
2,38,2-38,4.06,536,2017,19.4,10,,fair,19.1,100.198046,1.603028,"100.197923 1.604264,100.199123 1.603309,100.199123 1.602805,100.198157 1.601675,100.197460 1.602447,100.196763 1.603177,100.197923 1.604264"
2,39,2-39,2.55,339,2017,19.0,10,,good,11.5,100.200021,1.603095,"100.199159 1.603308,100.200371 1.604179,100.200684 1.603838,100.200480 1.601932,100.199159 1.602808,100.199159 1.603308"
2,40,2-40,1.8,248,2014,22.3,10,,fair,9.7,100.178213,1.601485,"100.178121 1.602569,100.178924 1.601550,100.178888 1.601360,100.177771 1.600322,100.177712 1.600331,100.177901 1.602464,100.178121 1.602569"
2,41,2-41,4.05,538,2013,22.4,10,,fair,20.2,100.180254,1.601413,"100.178960 1.601544,100.180363 1.602471,100.180735 1.602413,100.181421 1.601671,100.181415 1.601170,100.180039 1.600256,100.178924 1.601357,100.178960 1.601544"
2,42,2-42,4.73,643,2013,22.1,10,,good,25.4,100.18266,1.601186,"100.181457 1.601666,100.183175 1.602400,100.183884 1.601513,100.183882 1.601079,100.183092 1.600390,100.182492 1.599833,100.182317 1.599816,100.181451 1.601165,100.181457 1.601666"
2,43,2-43,4.28,586,2013,22.3,10,,poor,18.9,100.185219,1.601214,"100.183920 1.601509,100.185621 1.602402,100.185773 1.602367,100.186397 1.600909,100.185584 1.600125,100.185299 1.600064,100.183918 1.601080,100.183920 1.601509"
2,44,2-44,4.14,564,2013,22.5,10,,fair,21.9,100.187933,1.601114,"100.188316 1.602390,100.189223 1.601001,100.187926 1.599986,100.186434 1.600917,100.187434 1.601729,100.188316 1.602390"
2,45,2-45,3.56,475,2015,22.5,10,,poor,16.4,100.1916,1.602106,"100.191741 1.603226,100.192679 1.602074,100.192580 1.601588,100.192137 1.601110,100.190468 1.601741,100.190562 1.602481,100.191741 1.603226"
2,46,2-46,4.31,575,2017,18.8,10,,good,23.0,100.193992,1.601822,"100.192715 1.602069,100.193872 1.602969,100.195348 1.601921,100.195344 1.601729,100.194437 1.600718,100.193340 1.601224,100.192617 1.601590,100.192715 1.602069"
2,47,2-47,4.08,547,2018,17.9,10,,good,18.9,100.196668,1.601974,"100.195384 1.601923,100.196499 1.603120,100.196731 1.603158,100.197434 1.602422,100.198137 1.601642,100.196441 1.600952,100.195380 1.601730,100.195384 1.601923"
2,48,2-48,4.12,554,2018,17.3,10,,good,20.7,100.199325,1.601537,"100.198173 1.601640,100.199145 1.602775,100.200476 1.601891,100.200434 1.601401,100.199477 1.600387,100.198739 1.600565,100.198173 1.601640"
2,49,2-49,3.76,512,2014,21.5,10,,poor,18.0,100.190731,1.600823,"100.189318 1.600981,100.190450 1.601709,100.192122 1.601077,100.192021 1.600370,100.189981 1.600017,100.189318 1.600981"
2,50,2-50,3.82,528,2018,18.3,10,,fair,19.6,100.197549,1.600516,"100.198144 1.601597,100.198706 1.600552,100.197876 1.599475,100.196477 1.599950,100.196457 1.600919,100.198144 1.601597"
3,1,3-1,4.3,578,2013,21.9,10,,good,22.5,100.178964,1.599979,"100.177800 1.600299,100.178905 1.601326,100.180018 1.600225,100.180022 1.599575,100.179008 1.598715,100.178619 1.598773,100.177800 1.600299"
3,2,3-2,3.72,509,2013,21.5,10,,fair,17.7,100.181172,1.599939,"100.180054 1.600223,100.181427 1.601134,100.182287 1.599797,100.181642 1.598839,100.180058 1.599578,100.180054 1.600223"
3,3,3-3,3.98,544,2013,22.5,10,,good,20.7,100.183958,1.599893,"100.183900 1.601048,100.185269 1.600041,100.184254 1.598735,100.184201 1.598736,100.182528 1.599818,100.183900 1.601048"
3,4,3-4,3.62,494,2013,22.3,10,,fair,17.4,100.186788,1.599783,"100.185616 1.600106,100.186418 1.600879,100.187910 1.599953,100.187966 1.599351,100.186498 1.598707,100.185616 1.600106"
3,5,3-5,3.69,485,2015,21.6,10,,fair,17.2,100.192986,1.600461,"100.192159 1.601081,100.192600 1.601557,100.193325 1.601191,100.194423 1.600684,100.194419 1.600608,100.193039 1.599584,100.192499 1.599209,100.192442 1.599214,100.192055 1.600357,100.192159 1.601081"
3,6,3-6,4.13,546,2016,20.8,10,,good,20.2,100.19551,1.60038,"100.194455 1.600602,100.194460 1.600688,100.195364 1.601697,100.196421 1.600922,100.196441 1.599944,100.195686 1.599110,100.195060 1.599311,100.194455 1.600602"
3,7,3-7,1.08,146,2017,18.9,10,,fair,4.8,100.200067,1.600322,"100.199506 1.600365,100.199919 1.600795,100.200430 1.601342,100.200266 1.599265,100.199506 1.600365"
3,8,3-8,1.63,220,2012,22.2,10,,good,7.5,100.177943,1.598947,"100.177765 1.600287,100.178585 1.598760,100.177547 1.597706,100.177595 1.598778,100.177692 1.600098,100.177709 1.600295,100.177765 1.600287"
3,9,3-9,3.76,512,2013,21.8,10,,good,16.9,100.180311,1.59852,"100.180043 1.599545,100.181631 1.598805,100.181629 1.598647,100.180865 1.597889,100.180222 1.597296,100.179038 1.598693,100.180043 1.599545"
3,10,3-10,3.91,527,2012,21.9,10,,fair,17.4,100.182786,1.598654,"100.181667 1.598811,100.182318 1.599780,100.182495 1.599797,100.184166 1.598716,100.182751 1.597383,100.181665 1.598646,100.181667 1.598811"
3,11,3-11,3.8,523,2013,21.8,10,,good,19.2,100.185435,1.598807,"100.185305 1.600028,100.185584 1.600089,100.186472 1.598681,100.186381 1.598032,100.184954 1.597832,100.184285 1.598717,100.185305 1.600028"
3,12,3-12,4.92,660,2013,21.6,10,,fair,22.7,100.189046,1.599481,"100.187946 1.599956,100.188912 1.600724,100.189251 1.600977,100.189282 1.600970,100.189955 1.599991,100.190071 1.598936,100.189009 1.598007,100.188805 1.598043,100.188002 1.599346,100.187946 1.599956"
3,13,3-13,3.97,545,2014,21.6,10,,good,17.7,100.191214,1.599424,"100.189992 1.599982,100.192025 1.600334,100.192408 1.599201,100.191684 1.598439,100.190690 1.598743,100.190106 1.598942,100.189992 1.599982"
3,14,3-14,3.1,418,2015,22.5,10,,fair,13.8,100.193935,1.599433,"100.192539 1.599192,100.193416 1.599810,100.194429 1.600571,100.195024 1.599302,100.193889 1.598504,100.192539 1.599192"
3,15,3-15,3.98,527,2016,20.1,10,,fair,21.0,100.196812,1.598834,"100.196464 1.599916,100.197866 1.599440,100.197939 1.598886,100.197038 1.597748,100.196288 1.597744,100.195712 1.599086,100.196464 1.599916"
3,16,3-16,4.08,533,2017,18.8,10,,fair,20.4,100.199027,1.599389,"100.197901 1.599449,100.198734 1.600529,100.199472 1.600351,100.200261 1.599209,100.200251 1.599090,100.199089 1.598277,100.197975 1.598892,100.197901 1.599449"
3,17,3-17,5.13,694,2012,21.4,10,,fair,24.3,100.178823,1.597405,"100.177535 1.597319,100.177545 1.597652,100.178613 1.598738,100.179003 1.598679,100.180203 1.597263,100.180194 1.597045,100.178714 1.596037,100.177535 1.597319"
3,18,3-18,4.19,580,2012,21.5,10,,good,19.8,100.181512,1.597298,"100.180230 1.597043,100.180238 1.597262,100.180890 1.597863,100.181646 1.598613,100.182732 1.597350,100.182757 1.596993,100.181242 1.596167,100.180230 1.597043"
3,19,3-19,3.97,545,2013,21.5,10,,fair,18.2,100.183923,1.597385,"100.182768 1.597350,100.184203 1.598700,100.184254 1.598699,100.184927 1.597807,100.184830 1.596944,100.183683 1.596186,100.182793 1.596992,100.182768 1.597350"
3,20,3-20,3.86,505,2013,21.7,10,,fair,20.4,100.185989,1.597066,"100.184962 1.597796,100.186389 1.597997,100.187258 1.597007,100.186136 1.595870,100.184866 1.596941,100.184962 1.597796"
3,21,3-21,4.02,548,2013,22.2,10,,good,18.5,100.18754,1.598169,"100.186507 1.598672,100.187978 1.599317,100.188770 1.598030,100.187523 1.597015,100.187291 1.597024,100.186416 1.598022,100.186507 1.598672"
3,22,3-22,4.18,557,2013,22.6,10,,good,22.3,100.19041,1.597911,"100.190093 1.598908,100.191671 1.598405,100.191675 1.597680,100.190045 1.596771,100.189039 1.597985,100.190093 1.598908"
3,23,3-23,4.83,648,2013,21.4,10,,good,25.5,100.192792,1.59791,"100.191707 1.598412,100.192436 1.599178,100.192498 1.599172,100.193874 1.598471,100.193968 1.597766,100.193118 1.596643,100.192407 1.596773,100.191711 1.597675,100.191707 1.598412"
3,24,3-24,4.14,573,2015,22.0,10,,fair,18.5,100.19512,1.598147,"100.193910 1.598475,100.195050 1.599276,100.195364 1.599177,100.195678 1.599075,100.196255 1.597728,100.195751 1.596988,100.194004 1.597773,100.193910 1.598475"
3,25,3-25,3.05,423,2017,19.7,10,,good,15.5,100.198174,1.597835,"100.197962 1.598858,100.199072 1.598245,100.199105 1.597389,100.197992 1.596876,100.197071 1.597732,100.197962 1.598858"
3,26,3-26,2.05,271,2017,18.7,10,,poor,10.8,100.199725,1.597865,"100.199141 1.597387,100.199108 1.598246,100.200248 1.599043,100.200081 1.596731,100.200055 1.596711,100.199141 1.597387"
3,27,3-27,2.26,301,2010,22.2,10,,good,10.6,100.17791,1.595851,"100.178693 1.596007,100.178685 1.595904,100.177736 1.594609,100.177423 1.594656,100.177490 1.595738,100.177533 1.597266,100.178693 1.596007"
3,28,3-28,3.94,528,2010,22.4,10,,good,21.0,100.18008,1.595876,"100.178729 1.596004,100.180210 1.597012,100.181221 1.596137,100.181204 1.595721,100.180183 1.594663,100.178721 1.595905,100.178729 1.596004"
3,29,3-29,4.22,581,2012,22.6,10,,fair,20.6,100.182509,1.595826,"100.182774 1.596961,100.183663 1.596155,100.183686 1.595660,100.182508 1.594587,100.181240 1.595722,100.181257 1.596134,100.182774 1.596961"
3,30,3-30,4.29,589,2013,22.3,10,,fair,21.3,100.184919,1.59572,"100.183699 1.596153,100.184845 1.596911,100.186120 1.595836,100.186110 1.595333,100.185130 1.594567,100.184936 1.594547,100.183722 1.595661,100.183699 1.596153"
3,31,3-31,4.58,613,2012,22.1,10,,fair,21.1,100.187332,1.59563,"100.186156 1.595837,100.187290 1.596988,100.187518 1.596979,100.188577 1.595366,100.187660 1.594389,100.187501 1.594363,100.186145 1.595333,100.186156 1.595837"
3,32,3-32,4.95,686,2013,22.5,10,,good,23.4,100.188881,1.596637,"100.187552 1.596993,100.188799 1.598008,100.189004 1.597971,100.190023 1.596741,100.190040 1.596376,100.189447 1.595436,100.188609 1.595383,100.187552 1.596993"
3,33,3-33,3.2,438,2012,21.9,10,,fair,16.2,100.191286,1.59663,"100.190059 1.596738,100.191689 1.597646,100.192375 1.596756,100.191652 1.595635,100.190076 1.596383,100.190059 1.596738"
3,34,3-34,4.15,549,2014,22.4,10,,good,18.8,100.19445,1.59665,"100.193993 1.597738,100.195738 1.596954,100.195638 1.596069,100.193802 1.595723,100.193148 1.596623,100.193993 1.597738"
3,35,3-35,4.85,661,2015,21.6,10,,good,25.8,100.196756,1.596554,"100.195774 1.596959,100.196285 1.597708,100.197039 1.597712,100.197971 1.596846,100.197972 1.596152,100.196249 1.595238,100.195673 1.596058,100.195774 1.596959"
3,36,3-36,3.12,416,2015,21.9,10,,fair,15.0,100.198981,1.596436,"100.198006 1.596843,100.199121 1.597357,100.200037 1.596679,100.200038 1.596157,100.198735 1.595475,100.198008 1.596149,100.198006 1.596843"
3,37,3-37,2.72,373,2010,21.8,10,,fair,12.4,100.178911,1.594851,"100.178706 1.595871,100.180166 1.594631,100.179866 1.594270,100.177924 1.594314,100.177766 1.594589,100.178706 1.595871"
3,38,3-38,2.45,337,2011,22.5,10,,fair,11.3,100.18135,1.594753,"100.180200 1.594609,100.181223 1.595689,100.182488 1.594556,100.182453 1.594317,100.182296 1.594190,100.180602 1.594254,100.180200 1.594609"
3,39,3-39,2.74,359,2012,22.2,10,,fair,12.3,100.183699,1.594665,"100.182524 1.594554,100.183705 1.595628,100.184906 1.594525,100.184601 1.594070,100.182633 1.594173,100.182489 1.594314,100.182524 1.594554"
3,40,3-40,2.34,314,2012,22.2,10,,fair,12.2,100.186284,1.594483,"100.186128 1.595301,100.187473 1.594339,100.187224 1.593933,100.185512 1.594024,100.185161 1.594546,100.186128 1.595301"
3,41,3-41,3.59,472,2012,22.5,10,,good,16.2,100.189029,1.594484,"100.188608 1.595346,100.189448 1.595400,100.190195 1.594290,100.190083 1.593701,100.188199 1.593866,100.187694 1.594372,100.188608 1.595346"
3,42,3-42,3.41,454,2013,21.4,10,,fair,15.3,100.19058,1.595308,"100.190065 1.596348,100.191642 1.595600,100.191723 1.594885,100.190221 1.594315,100.189479 1.595418,100.190065 1.596348"
3,43,3-43,4.67,638,2012,21.4,10,,fair,23.5,100.192717,1.595418,"100.191759 1.594883,100.191677 1.595607,100.192405 1.596736,100.193116 1.596607,100.193775 1.595699,100.193519 1.594771,100.192910 1.594001,100.192729 1.594042,100.191759 1.594883"
3,44,3-44,4.28,567,2013,22.2,10,,fair,21.3,100.194982,1.595106,"100.195646 1.596034,100.196225 1.595209,100.196238 1.594916,100.195676 1.594106,100.194510 1.594455,100.193557 1.594774,100.193809 1.595687,100.195646 1.596034"
3,45,3-45,3.52,477,2014,21.5,10,,good,15.9,100.197638,1.595126,"100.196261 1.595204,100.197987 1.596119,100.198714 1.595446,100.198700 1.594706,100.197707 1.594219,100.196274 1.594922,100.196261 1.595204"
3,46,3-46,2.49,335,2014,21.8,10,,good,11.8,100.199481,1.594964,"100.198750 1.595443,100.200052 1.596123,100.199932 1.593641,100.198736 1.594703,100.198750 1.595443"
3,47,3-47,2.64,362,2013,21.8,10,,good,13.3,100.191383,1.594103,"100.191739 1.594853,100.192692 1.594026,100.192022 1.593538,100.190119 1.593697,100.190230 1.594280,100.191739 1.594853"
3,48,3-48,2.89,391,2013,21.8,10,,fair,14.2,100.194213,1.593975,"100.193541 1.594741,100.194499 1.594420,100.195662 1.594073,100.195561 1.593659,100.195277 1.593480,100.193175 1.593486,100.192939 1.593978,100.193541 1.594741"
3,49,3-49,2.62,346,2013,21.5,10,,good,12.3,100.196652,1.594012,"100.195700 1.594077,100.196262 1.594888,100.197689 1.594188,100.197681 1.593431,100.196816 1.593468,100.195733 1.593482,100.195597 1.593652,100.195700 1.594077"
3,50,3-50,2.51,345,2014,22.3,10,,fair,11.5,100.198719,1.593848,"100.197725 1.594188,100.198715 1.594673,100.199929 1.593595,100.199917 1.593453,100.199734 1.593251,100.197717 1.593429,100.197725 1.594188"
