division_code,block_code,activity,last_done,interval_days
1,1,pruning,2026-09-19,240
1,1,circle_weeding,2026-08-18,75
1,1,path_upkeep,2026-07-06,110
1,1,spraying,2026-08-31,100
1,2,pruning,2026-05-15,240
1,2,circle_weeding,2026-09-11,75
1,2,path_upkeep,2026-06-24,110
1,2,spraying,2026-07-18,100
1,3,pruning,2026-04-14,240
1,3,circle_weeding,2026-07-09,75
1,3,path_upkeep,2026-07-28,110
1,3,spraying,2026-08-21,100
1,4,pruning,2026-04-26,240
1,4,circle_weeding,2026-06-27,75
1,4,path_upkeep,2026-09-17,110
1,4,spraying,2026-09-03,100
1,5,pruning,2026-06-12,240
1,5,circle_weeding,2026-09-21,75
1,5,path_upkeep,2026-08-10,110
1,5,spraying,2026-10-05,100
1,6,pruning,2026-02-05,240
1,6,circle_weeding,2026-08-05,75
1,6,path_upkeep,2026-05-28,110
1,6,spraying,2026-07-18,100
1,7,pruning,2026-04-27,240
1,7,circle_weeding,2026-09-21,75
1,7,path_upkeep,2026-07-17,110
1,7,spraying,2026-08-22,100
1,8,pruning,2026-05-31,240
1,8,circle_weeding,2026-09-08,75
1,8,path_upkeep,2026-07-01,110
1,8,spraying,2026-07-19,100
1,9,pruning,2026-04-30,240
1,9,circle_weeding,2026-07-10,75
1,9,path_upkeep,2026-06-20,110
1,9,spraying,2026-08-26,100
1,10,pruning,2026-01-14,240
1,10,circle_weeding,2026-06-28,75
1,10,path_upkeep,2026-09-08,110
1,10,spraying,2026-09-15,100
1,11,pruning,2026-02-11,240
1,11,circle_weeding,2026-07-24,75
1,11,path_upkeep,2026-07-22,110
1,11,spraying,2026-08-02,100
1,12,pruning,2026-03-21,240
1,12,circle_weeding,2026-07-17,75
1,12,path_upkeep,2026-09-15,110
1,12,spraying,2026-08-25,100
1,13,pruning,2026-02-14,240
1,13,circle_weeding,2026-08-02,75
1,13,path_upkeep,2026-08-09,110
1,13,spraying,2026-07-12,100
1,14,pruning,2026-08-14,240
1,14,circle_weeding,2026-07-04,75
1,14,path_upkeep,2026-07-05,110
1,14,spraying,2026-09-14,100
1,15,pruning,2026-08-26,240
1,15,circle_weeding,2026-07-01,75
1,15,path_upkeep,2026-06-22,110
1,15,spraying,2026-09-16,100
1,16,pruning,2026-08-05,240
1,16,circle_weeding,2026-08-21,75
1,16,path_upkeep,2026-06-05,110
1,16,spraying,2026-08-27,100
1,17,pruning,2026-05-05,240
1,17,circle_weeding,2026-07-31,75
1,17,path_upkeep,2026-06-09,110
1,17,spraying,2026-08-22,100
1,18,pruning,2026-09-09,240
1,18,circle_weeding,2026-06-27,75
1,18,path_upkeep,2026-07-09,110
1,18,spraying,2026-07-21,100
1,19,pruning,2026-04-06,240
1,19,circle_weeding,2026-08-16,75
1,19,path_upkeep,2026-09-12,110
1,19,spraying,2026-09-11,100
1,20,pruning,2026-04-26,240
1,20,circle_weeding,2026-07-28,75
1,20,path_upkeep,2026-08-15,110
1,20,spraying,2026-08-01,100
1,21,pruning,2026-03-18,240
1,21,circle_weeding,2026-08-06,75
1,21,path_upkeep,2026-09-07,110
1,21,spraying,2026-08-28,100
1,22,pruning,2026-02-07,240
1,22,circle_weeding,2026-09-14,75
1,22,path_upkeep,2026-08-20,110
1,22,spraying,2026-07-04,100
1,23,pruning,2026-06-25,240
1,23,circle_weeding,2026-08-11,75
1,23,path_upkeep,2026-08-25,110
1,23,spraying,2026-09-21,100
1,24,pruning,2026-07-18,240
1,24,circle_weeding,2026-09-08,75
1,24,path_upkeep,2026-07-10,110
1,24,spraying,2026-07-17,100
1,25,pruning,2026-06-28,240
1,25,circle_weeding,2026-09-12,75
1,25,path_upkeep,2026-06-15,110
1,25,spraying,2026-08-20,100
1,26,pruning,2026-02-03,240
1,26,circle_weeding,2026-07-21,75
1,26,path_upkeep,2026-07-06,110
1,26,spraying,2026-07-16,100
1,27,pruning,2026-05-17,240
1,27,circle_weeding,2026-07-16,75
1,27,path_upkeep,2026-07-12,110
1,27,spraying,2026-08-26,100
1,28,pruning,2026-07-31,240
1,28,circle_weeding,2026-07-17,75
1,28,path_upkeep,2026-06-03,110
1,28,spraying,2026-09-16,100
1,29,pruning,2026-02-07,240
1,29,circle_weeding,2026-06-25,75
1,29,path_upkeep,2026-05-22,110
1,29,spraying,2026-08-25,100
1,30,pruning,2026-07-28,240
1,30,circle_weeding,2026-06-27,75
1,30,path_upkeep,2026-08-11,110
1,30,spraying,2026-07-19,100
1,31,pruning,2026-05-18,240
1,31,circle_weeding,2026-07-11,75
1,31,path_upkeep,2026-08-12,110
1,31,spraying,2026-07-22,100
1,32,pruning,2026-02-10,240
1,32,circle_weeding,2026-07-06,75
1,32,path_upkeep,2026-08-02,110
1,32,spraying,2026-07-30,100
1,33,pruning,2026-03-19,240
1,33,circle_weeding,2026-07-13,75
1,33,path_upkeep,2026-08-21,110
1,33,spraying,2026-10-03,100
1,34,pruning,2026-09-05,240
1,34,circle_weeding,2026-08-22,75
1,34,path_upkeep,2026-05-21,110
1,34,spraying,2026-08-22,100
1,35,pruning,2026-07-24,240
1,35,circle_weeding,2026-06-27,75
1,35,path_upkeep,2026-08-13,110
1,35,spraying,2026-08-20,100
1,36,pruning,2026-01-07,240
1,36,circle_weeding,2026-09-12,75
1,36,path_upkeep,2026-06-19,110
1,36,spraying,2026-08-16,100
1,37,pruning,2026-08-24,240
1,37,circle_weeding,2026-07-04,75
1,37,path_upkeep,2026-07-13,110
1,37,spraying,2026-09-10,100
1,38,pruning,2026-03-11,240
1,38,circle_weeding,2026-06-21,75
1,38,path_upkeep,2026-09-11,110
1,38,spraying,2026-08-24,100
1,39,pruning,2026-05-02,240
1,39,circle_weeding,2026-09-08,75
1,39,path_upkeep,2026-08-12,110
1,39,spraying,2026-08-20,100
1,40,pruning,2026-01-18,240
1,40,circle_weeding,2026-08-05,75
1,40,path_upkeep,2026-09-07,110
1,40,spraying,2026-09-22,100
1,41,pruning,2026-05-08,240
1,41,circle_weeding,2026-09-14,75
1,41,path_upkeep,2026-06-18,110
1,41,spraying,2026-08-24,100
1,42,pruning,2026-03-02,240
1,42,circle_weeding,2026-08-25,75
1,42,path_upkeep,2026-07-03,110
1,42,spraying,2026-09-14,100
1,43,pruning,2026-03-21,240
1,43,circle_weeding,2026-09-12,75
1,43,path_upkeep,2026-06-04,110
1,43,spraying,2026-08-27,100
1,44,pruning,2026-08-09,240
1,44,circle_weeding,2026-06-24,75
1,44,path_upkeep,2026-06-24,110
1,44,spraying,2026-07-23,100
1,45,pruning,2026-07-04,240
1,45,circle_weeding,2026-07-11,75
1,45,path_upkeep,2026-07-12,110
1,45,spraying,2026-08-25,100
1,46,pruning,2026-01-03,240
1,46,circle_weeding,2026-08-08,75
1,46,path_upkeep,2026-07-12,110
1,46,spraying,2026-08-26,100
1,47,pruning,2026-09-08,240
1,47,circle_weeding,2026-08-25,75
1,47,path_upkeep,2026-06-07,110
1,47,spraying,2026-08-24,100
1,48,pruning,2026-08-13,240
1,48,circle_weeding,2026-09-09,75
1,48,path_upkeep,2026-08-05,110
1,48,spraying,2026-08-26,100
1,49,pruning,2026-02-18,240
1,49,circle_weeding,2026-08-14,75
1,49,path_upkeep,2026-09-09,110
1,49,spraying,2026-08-19,100
1,50,pruning,2026-08-01,240
1,50,circle_weeding,2026-08-19,75
1,50,path_upkeep,2026-07-18,110
1,50,spraying,2026-08-02,100
1,51,pruning,2026-06-14,240
1,51,circle_weeding,2026-07-31,75
1,51,path_upkeep,2026-05-22,110
1,51,spraying,2026-09-07,100
1,52,pruning,2026-06-11,240
1,52,circle_weeding,2026-07-07,75
1,52,path_upkeep,2026-09-17,110
1,52,spraying,2026-07-13,100
1,53,pruning,2026-01-29,240
1,53,circle_weeding,2026-06-27,75
1,53,path_upkeep,2026-06-06,110
1,53,spraying,2026-09-09,100
1,54,pruning,2026-03-08,240
1,54,circle_weeding,2026-08-09,75
1,54,path_upkeep,2026-07-25,110
1,54,spraying,2026-08-27,100
1,55,pruning,2026-08-19,240
1,55,circle_weeding,2026-07-26,75
1,55,path_upkeep,2026-05-26,110
1,55,spraying,2026-08-24,100
1,56,pruning,2026-05-14,240
1,56,circle_weeding,2026-07-03,75
1,56,path_upkeep,2026-06-03,110
1,56,spraying,2026-08-25,100
1,57,pruning,2026-01-23,240
1,57,circle_weeding,2026-07-20,75
1,57,path_upkeep,2026-09-07,110
1,57,spraying,2026-09-14,100
1,58,pruning,2026-04-26,240
1,58,circle_weeding,2026-09-07,75
1,58,path_upkeep,2026-06-16,110
1,58,spraying,2026-09-19,100
1,59,pruning,2026-09-16,240
1,59,circle_weeding,2026-09-14,75
1,59,path_upkeep,2026-05-30,110
1,59,spraying,2026-07-21,100
1,60,pruning,2026-07-07,240
1,60,circle_weeding,2026-09-17,75
1,60,path_upkeep,2026-07-30,110
1,60,spraying,2026-09-12,100
1,61,pruning,2026-04-30,240
1,61,circle_weeding,2026-09-11,75
1,61,path_upkeep,2026-07-05,110
1,61,spraying,2026-07-21,100
1,62,pruning,2026-05-18,240
1,62,circle_weeding,2026-07-04,75
1,62,path_upkeep,2026-06-26,110
1,62,spraying,2026-07-19,100
1,63,pruning,2026-05-28,240
1,63,circle_weeding,2026-09-15,75
1,63,path_upkeep,2026-06-04,110
1,63,spraying,2026-07-16,100
1,64,pruning,2026-07-25,240
1,64,circle_weeding,2026-06-25,75
1,64,path_upkeep,2026-08-24,110
1,64,spraying,2026-07-05,100
1,65,pruning,2026-05-30,240
1,65,circle_weeding,2026-08-09,75
1,65,path_upkeep,2026-06-28,110
1,65,spraying,2026-09-19,100
1,66,pruning,2026-03-28,240
1,66,circle_weeding,2026-09-18,75
1,66,path_upkeep,2026-06-03,110
1,66,spraying,2026-09-14,100
1,67,pruning,2026-06-28,240
1,67,circle_weeding,2026-07-17,75
1,67,path_upkeep,2026-06-01,110
1,67,spraying,2026-09-16,100
1,68,pruning,2026-06-29,240
1,68,circle_weeding,2026-09-17,75
1,68,path_upkeep,2026-09-18,110
1,68,spraying,2026-09-17,100
2,1,pruning,2026-06-03,240
2,1,circle_weeding,2026-06-24,75
2,1,path_upkeep,2026-05-28,110
2,1,spraying,2026-07-05,100
2,2,pruning,2026-03-30,240
2,2,circle_weeding,2026-09-01,75
2,2,path_upkeep,2026-06-20,110
2,2,spraying,2026-09-25,100
2,3,pruning,2026-08-12,240
2,3,circle_weeding,2026-08-20,75
2,3,path_upkeep,2026-05-20,110
2,3,spraying,2026-07-16,100
2,4,pruning,2026-09-04,240
2,4,circle_weeding,2026-07-03,75
2,4,path_upkeep,2026-06-26,110
2,4,spraying,2026-07-24,100
2,5,pruning,2026-05-02,240
2,5,circle_weeding,2026-08-25,75
2,5,path_upkeep,2026-07-23,110
2,5,spraying,2026-07-07,100
2,6,pruning,2025-12-16,240
2,6,circle_weeding,2026-07-01,75
2,6,path_upkeep,2026-07-18,110
2,6,spraying,2026-08-26,100
2,7,pruning,2026-06-25,240
2,7,circle_weeding,2026-06-19,75
2,7,path_upkeep,2026-07-10,110
2,7,spraying,2026-07-14,100
2,8,pruning,2025-12-28,240
2,8,circle_weeding,2026-07-27,75
2,8,path_upkeep,2026-08-25,110
2,8,spraying,2026-07-23,100
2,9,pruning,2026-01-07,240
2,9,circle_weeding,2026-08-01,75
2,9,path_upkeep,2026-04-26,110
2,9,spraying,2026-09-29,100
2,10,pruning,2026-01-18,240
2,10,circle_weeding,2026-05-31,75
2,10,path_upkeep,2026-05-19,110
2,10,spraying,2026-08-24,100
2,11,pruning,2026-08-20,240
2,11,circle_weeding,2026-08-05,75
2,11,path_upkeep,2026-05-10,110
2,11,spraying,2026-08-06,100
2,12,pruning,2026-06-03,240
2,12,circle_weeding,2026-07-18,75
2,12,path_upkeep,2026-06-10,110
2,12,spraying,2026-09-04,100
2,13,pruning,2026-03-17,240
2,13,circle_weeding,2026-08-22,75
2,13,path_upkeep,2026-07-30,110
2,13,spraying,2026-07-09,100
2,14,pruning,2026-05-16,240
2,14,circle_weeding,2026-06-18,75
2,14,path_upkeep,2026-06-13,110
2,14,spraying,2026-08-27,100
2,15,pruning,2026-05-14,240
2,15,circle_weeding,2026-07-01,75
2,15,path_upkeep,2026-08-09,110
2,15,spraying,2026-09-07,100
2,16,pruning,2025-12-20,240
2,16,circle_weeding,2026-08-27,75
2,16,path_upkeep,2026-08-07,110
2,16,spraying,2026-09-18,100
2,17,pruning,2026-03-08,240
2,17,circle_weeding,2026-06-26,75
2,17,path_upkeep,2026-04-27,110
2,17,spraying,2026-09-23,100
2,18,pruning,2026-03-27,240
2,18,circle_weeding,2026-08-02,75
2,18,path_upkeep,2026-08-22,110
2,18,spraying,2026-08-04,100
2,19,pruning,2026-02-05,240
2,19,circle_weeding,2026-08-15,75
2,19,path_upkeep,2026-08-17,110
2,19,spraying,2026-08-22,100
2,20,pruning,2026-03-22,240
2,20,circle_weeding,2026-08-16,75
2,20,path_upkeep,2026-07-30,110
2,20,spraying,2026-08-10,100
2,21,pruning,2026-06-14,240
2,21,circle_weeding,2026-05-31,75
2,21,path_upkeep,2026-07-25,110
2,21,spraying,2026-08-25,100
2,22,pruning,2026-03-19,240
2,22,circle_weeding,2026-08-04,75
2,22,path_upkeep,2026-07-09,110
2,22,spraying,2026-07-07,100
2,23,pruning,2026-04-14,240
2,23,circle_weeding,2026-08-24,75
2,23,path_upkeep,2026-07-28,110
2,23,spraying,2026-08-11,100
2,24,pruning,2026-03-22,240
2,24,circle_weeding,2026-08-21,75
2,24,path_upkeep,2026-08-19,110
2,24,spraying,2026-07-16,100
2,25,pruning,2026-03-25,240
2,25,circle_weeding,2026-08-22,75
2,25,path_upkeep,2026-05-04,110
2,25,spraying,2026-07-20,100
2,26,pruning,2026-05-02,240
2,26,circle_weeding,2026-06-05,75
2,26,path_upkeep,2026-05-13,110
2,26,spraying,2026-08-25,100
2,27,pruning,2026-01-28,240
2,27,circle_weeding,2026-08-07,75
2,27,path_upkeep,2026-07-29,110
2,27,spraying,2026-09-07,100
2,28,pruning,2026-05-03,240
2,28,circle_weeding,2026-08-19,75
2,28,path_upkeep,2026-05-07,110
2,28,spraying,2026-07-14,100
2,29,pruning,2026-03-21,240
2,29,circle_weeding,2026-08-25,75
2,29,path_upkeep,2026-07-28,110
2,29,spraying,2026-07-15,100
2,30,pruning,2026-08-04,240
2,30,circle_weeding,2026-06-14,75
2,30,path_upkeep,2026-08-21,110
2,30,spraying,2026-08-09,100
2,31,pruning,2026-07-12,240
2,31,circle_weeding,2026-07-16,75
2,31,path_upkeep,2026-07-07,110
2,31,spraying,2026-08-25,100
2,32,pruning,2026-08-26,240
2,32,circle_weeding,2026-06-01,75
2,32,path_upkeep,2026-07-16,110
2,32,spraying,2026-07-12,100
2,33,pruning,2026-04-13,240
2,33,circle_weeding,2026-07-09,75
2,33,path_upkeep,2026-06-08,110
2,33,spraying,2026-08-03,100
2,34,pruning,2026-04-23,240
2,34,circle_weeding,2026-07-31,75
2,34,path_upkeep,2026-08-24,110
2,34,spraying,2026-09-01,100
2,35,pruning,2025-12-25,240
2,35,circle_weeding,2026-08-18,75
2,35,path_upkeep,2026-05-05,110
2,35,spraying,2026-07-19,100
2,36,pruning,2026-03-17,240
2,36,circle_weeding,2026-06-02,75
2,36,path_upkeep,2026-06-21,110
2,36,spraying,2026-08-24,100
2,37,pruning,2025-12-29,240
2,37,circle_weeding,2026-07-03,75
2,37,path_upkeep,2026-07-31,110
2,37,spraying,2026-08-09,100
2,38,pruning,2026-01-06,240
2,38,circle_weeding,2026-08-02,75
2,38,path_upkeep,2026-05-04,110
2,38,spraying,2026-09-24,100
2,39,pruning,2026-06-12,240
2,39,circle_weeding,2026-08-07,75
2,39,path_upkeep,2026-05-06,110
2,39,spraying,2026-08-12,100
2,40,pruning,2026-03-18,240
2,40,circle_weeding,2026-06-21,75
2,40,path_upkeep,2026-06-16,110
2,40,spraying,2026-09-05,100
2,41,pruning,2026-04-23,240
2,41,circle_weeding,2026-07-31,75
2,41,path_upkeep,2026-06-19,110
2,41,spraying,2026-10-03,100
2,42,pruning,2026-03-01,240
2,42,circle_weeding,2026-08-18,75
2,42,path_upkeep,2026-07-25,110
2,42,spraying,2026-08-26,100
2,43,pruning,2026-01-13,240
2,43,circle_weeding,2026-07-06,75
2,43,path_upkeep,2026-07-11,110
2,43,spraying,2026-07-11,100
2,44,pruning,2026-05-10,240
2,44,circle_weeding,2026-08-12,75
2,44,path_upkeep,2026-05-02,110
2,44,spraying,2026-08-25,100
2,45,pruning,2026-08-28,240
2,45,circle_weeding,2026-07-03,75
2,45,path_upkeep,2026-09-01,110
2,45,spraying,2026-08-15,100
2,46,pruning,2025-12-25,240
2,46,circle_weeding,2026-07-19,75
2,46,path_upkeep,2026-05-16,110
2,46,spraying,2026-07-07,100
2,47,pruning,2026-06-19,240
2,47,circle_weeding,2026-07-25,75
2,47,path_upkeep,2026-05-22,110
2,47,spraying,2026-08-24,100
2,48,pruning,2026-02-20,240
2,48,circle_weeding,2026-06-25,75
2,48,path_upkeep,2026-06-28,110
2,48,spraying,2026-07-18,100
2,49,pruning,2026-06-14,240
2,49,circle_weeding,2026-07-24,75
2,49,path_upkeep,2026-07-25,110
2,49,spraying,2026-07-30,100
2,50,pruning,2026-06-05,240
2,50,circle_weeding,2026-06-24,75
2,50,path_upkeep,2026-05-09,110
2,50,spraying,2026-09-09,100
2,51,pruning,2026-05-29,240
2,51,circle_weeding,2026-06-20,75
2,51,path_upkeep,2026-06-15,110
2,51,spraying,2026-07-29,100
2,52,pruning,2026-06-25,240
2,52,circle_weeding,2026-06-01,75
2,52,path_upkeep,2026-07-13,110
2,52,spraying,2026-07-16,100
2,53,pruning,2026-02-15,240
2,53,circle_weeding,2026-06-23,75
2,53,path_upkeep,2026-08-29,110
2,53,spraying,2026-08-13,100
2,54,pruning,2026-05-05,240
2,54,circle_weeding,2026-08-04,75
2,54,path_upkeep,2026-07-30,110
2,54,spraying,2026-09-11,100
2,55,pruning,2026-04-09,240
2,55,circle_weeding,2026-07-17,75
2,55,path_upkeep,2026-06-30,110
2,55,spraying,2026-07-29,100
2,56,pruning,2026-07-08,240
2,56,circle_weeding,2026-08-21,75
2,56,path_upkeep,2026-05-14,110
2,56,spraying,2026-08-27,100
2,57,pruning,2026-05-14,240
2,57,circle_weeding,2026-06-25,75
2,57,path_upkeep,2026-04-30,110
2,57,spraying,2026-08-15,100
2,58,pruning,2026-03-12,240
2,58,circle_weeding,2026-06-10,75
2,58,path_upkeep,2026-08-13,110
2,58,spraying,2026-08-26,100
2,59,pruning,2026-02-02,240
2,59,circle_weeding,2026-08-19,75
2,59,path_upkeep,2026-06-08,110
2,59,spraying,2026-10-03,100
2,60,pruning,2026-05-02,240
2,60,circle_weeding,2026-08-07,75
2,60,path_upkeep,2026-05-08,110
2,60,spraying,2026-07-19,100
2,61,pruning,2026-04-03,240
2,61,circle_weeding,2026-06-29,75
2,61,path_upkeep,2026-05-01,110
2,61,spraying,2026-07-06,100
2,62,pruning,2026-06-26,240
2,62,circle_weeding,2026-07-05,75
2,62,path_upkeep,2026-08-15,110
2,62,spraying,2026-07-09,100
2,63,pruning,2026-04-10,240
2,63,circle_weeding,2026-08-11,75
2,63,path_upkeep,2026-08-29,110
2,63,spraying,2026-08-24,100
2,64,pruning,2025-12-19,240
2,64,circle_weeding,2026-07-05,75
2,64,path_upkeep,2026-08-18,110
2,64,spraying,2026-08-12,100
2,65,pruning,2026-08-31,240
2,65,circle_weeding,2026-08-10,75
2,65,path_upkeep,2026-06-17,110
2,65,spraying,2026-09-22,100
2,66,pruning,2026-05-15,240
2,66,circle_weeding,2026-09-01,75
2,66,path_upkeep,2026-05-01,110
2,66,spraying,2026-08-06,100
2,67,pruning,2026-07-15,240
2,67,circle_weeding,2026-06-26,75
2,67,path_upkeep,2026-06-14,110
2,67,spraying,2026-08-12,100
3,1,pruning,2026-05-03,240
3,1,circle_weeding,2026-07-19,75
3,1,path_upkeep,2026-09-05,110
3,1,spraying,2026-09-05,100
3,2,pruning,2026-04-27,240
3,2,circle_weeding,2026-09-15,75
3,2,path_upkeep,2026-05-15,110
3,2,spraying,2026-08-27,100
3,3,pruning,2026-07-04,240
3,3,circle_weeding,2026-08-31,75
3,3,path_upkeep,2026-07-19,110
3,3,spraying,2026-07-24,100
3,4,pruning,2026-04-06,240
3,4,circle_weeding,2026-08-22,75
3,4,path_upkeep,2026-08-14,110
3,4,spraying,2026-08-16,100
3,5,pruning,2026-07-09,240
3,5,circle_weeding,2026-07-08,75
3,5,path_upkeep,2026-08-09,110
3,5,spraying,2026-08-25,100
3,6,pruning,2026-02-27,240
3,6,circle_weeding,2026-09-05,75
3,6,path_upkeep,2026-08-25,110
3,6,spraying,2026-08-25,100
3,7,pruning,2026-05-16,240
3,7,circle_weeding,2026-07-05,75
3,7,path_upkeep,2026-05-14,110
3,7,spraying,2026-08-26,100
3,8,pruning,2026-05-21,240
3,8,circle_weeding,2026-07-24,75
3,8,path_upkeep,2026-07-13,110
3,8,spraying,2026-08-22,100
3,9,pruning,2026-02-20,240
3,9,circle_weeding,2026-09-14,75
3,9,path_upkeep,2026-09-15,110
3,9,spraying,2026-08-01,100
3,10,pruning,2026-04-09,240
3,10,circle_weeding,2026-09-14,75
3,10,path_upkeep,2026-05-15,110
3,10,spraying,2026-07-20,100
3,11,pruning,2026-05-28,240
3,11,circle_weeding,2026-07-05,75
3,11,path_upkeep,2026-07-28,110
3,11,spraying,2026-07-03,100
3,12,pruning,2025-12-31,240
3,12,circle_weeding,2026-07-27,75
3,12,path_upkeep,2026-08-20,110
3,12,spraying,2026-09-16,100
3,13,pruning,2026-08-03,240
3,13,circle_weeding,2026-09-01,75
3,13,path_upkeep,2026-08-06,110
3,13,spraying,2026-09-12,100
3,14,pruning,2026-06-26,240
3,14,circle_weeding,2026-07-31,75
3,14,path_upkeep,2026-09-12,110
3,14,spraying,2026-07-27,100
3,15,pruning,2026-03-02,240
3,15,circle_weeding,2026-07-15,75
3,15,path_upkeep,2026-06-06,110
3,15,spraying,2026-07-03,100
3,16,pruning,2026-03-30,240
3,16,circle_weeding,2026-07-24,75
3,16,path_upkeep,2026-08-28,110
3,16,spraying,2026-08-04,100
3,17,pruning,2026-03-07,240
3,17,circle_weeding,2026-08-05,75
3,17,path_upkeep,2026-06-06,110
3,17,spraying,2026-08-25,100
3,18,pruning,2026-05-22,240
3,18,circle_weeding,2026-08-01,75
3,18,path_upkeep,2026-07-02,110
3,18,spraying,2026-10-02,100
3,19,pruning,2026-06-10,240
3,19,circle_weeding,2026-07-12,75
3,19,path_upkeep,2026-07-14,110
3,19,spraying,2026-10-02,100
3,20,pruning,2026-09-04,240
3,20,circle_weeding,2026-06-17,75
3,20,path_upkeep,2026-08-25,110
3,20,spraying,2026-07-16,100
3,21,pruning,2026-06-04,240
3,21,circle_weeding,2026-08-24,75
3,21,path_upkeep,2026-06-17,110
3,21,spraying,2026-09-26,100
3,22,pruning,2026-05-09,240
3,22,circle_weeding,2026-07-21,75
3,22,path_upkeep,2026-05-21,110
3,22,spraying,2026-08-19,100
3,23,pruning,2026-01-29,240
3,23,circle_weeding,2026-08-21,75
3,23,path_upkeep,2026-08-20,110
3,23,spraying,2026-09-21,100
3,24,pruning,2026-08-29,240
3,24,circle_weeding,2026-08-26,75
3,24,path_upkeep,2026-08-17,110
3,24,spraying,2026-08-24,100
3,25,pruning,2026-02-09,240
3,25,circle_weeding,2026-09-12,75
3,25,path_upkeep,2026-07-30,110
3,25,spraying,2026-07-20,100
3,26,pruning,2026-05-30,240
3,26,circle_weeding,2026-08-14,75
3,26,path_upkeep,2026-07-25,110
3,26,spraying,2026-08-07,100
3,27,pruning,2026-08-27,240
3,27,circle_weeding,2026-07-04,75
3,27,path_upkeep,2026-08-22,110
3,27,spraying,2026-08-26,100
3,28,pruning,2026-05-19,240
3,28,circle_weeding,2026-07-23,75
3,28,path_upkeep,2026-08-12,110
3,28,spraying,2026-08-25,100
3,29,pruning,2026-07-13,240
3,29,circle_weeding,2026-08-05,75
3,29,path_upkeep,2026-06-02,110
3,29,spraying,2026-08-01,100
3,30,pruning,2026-01-15,240
3,30,circle_weeding,2026-07-11,75
3,30,path_upkeep,2026-08-26,110
3,30,spraying,2026-08-22,100
3,31,pruning,2026-05-18,240
3,31,circle_weeding,2026-07-19,75
3,31,path_upkeep,2026-07-06,110
3,31,spraying,2026-08-22,100
3,32,pruning,2026-08-22,240
3,32,circle_weeding,2026-07-02,75
3,32,path_upkeep,2026-08-07,110
3,32,spraying,2026-07-17,100
3,33,pruning,2026-05-17,240
3,33,circle_weeding,2026-07-18,75
3,33,path_upkeep,2026-07-07,110
3,33,spraying,2026-08-25,100
3,34,pruning,2026-02-25,240
3,34,circle_weeding,2026-08-31,75
3,34,path_upkeep,2026-08-27,110
3,34,spraying,2026-07-22,100
3,35,pruning,2026-09-11,240
3,35,circle_weeding,2026-07-13,75
3,35,path_upkeep,2026-06-16,110
3,35,spraying,2026-08-20,100
3,36,pruning,2026-04-11,240
3,36,circle_weeding,2026-07-30,75
3,36,path_upkeep,2026-07-26,110
3,36,spraying,2026-08-26,100
3,37,pruning,2026-02-04,240
3,37,circle_weeding,2026-06-25,75
3,37,path_upkeep,2026-07-02,110
3,37,spraying,2026-09-07,100
3,38,pruning,2026-06-26,240
3,38,circle_weeding,2026-06-20,75
3,38,path_upkeep,2026-09-09,110
3,38,spraying,2026-09-29,100
3,39,pruning,2026-02-24,240
3,39,circle_weeding,2026-08-12,75
3,39,path_upkeep,2026-06-13,110
3,39,spraying,2026-09-24,100
3,40,pruning,2026-01-28,240
3,40,circle_weeding,2026-08-13,75
3,40,path_upkeep,2026-05-28,110
3,40,spraying,2026-09-21,100
3,41,pruning,2026-07-18,240
3,41,circle_weeding,2026-07-04,75
3,41,path_upkeep,2026-05-27,110
3,41,spraying,2026-10-02,100
3,42,pruning,2026-07-25,240
3,42,circle_weeding,2026-06-14,75
3,42,path_upkeep,2026-05-13,110
3,42,spraying,2026-07-03,100
3,43,pruning,2026-03-23,240
3,43,circle_weeding,2026-07-18,75
3,43,path_upkeep,2026-09-14,110
3,43,spraying,2026-08-26,100
3,44,pruning,2026-08-08,240
3,44,circle_weeding,2026-08-13,75
3,44,path_upkeep,2026-06-18,110
3,44,spraying,2026-08-24,100
3,45,pruning,2026-04-19,240
3,45,circle_weeding,2026-07-24,75
3,45,path_upkeep,2026-07-18,110
3,45,spraying,2026-07-15,100
3,46,pruning,2026-05-02,240
3,46,circle_weeding,2026-08-04,75
3,46,path_upkeep,2026-07-15,110
3,46,spraying,2026-07-06,100
3,47,pruning,2026-07-24,240
3,47,circle_weeding,2026-07-10,75
3,47,path_upkeep,2026-06-04,110
3,47,spraying,2026-07-20,100
3,48,pruning,2026-06-05,240
3,48,circle_weeding,2026-07-16,75
3,48,path_upkeep,2026-05-22,110
3,48,spraying,2026-09-24,100
3,49,pruning,2026-07-20,240
3,49,circle_weeding,2026-07-08,75
3,49,path_upkeep,2026-05-29,110
3,49,spraying,2026-07-27,100
3,50,pruning,2026-03-19,240
3,50,circle_weeding,2026-09-07,75
3,50,path_upkeep,2026-06-06,110
3,50,spraying,2026-09-09,100
3,51,pruning,2026-09-08,240
3,51,circle_weeding,2026-06-26,75
3,51,path_upkeep,2026-06-17,110
3,51,spraying,2026-07-27,100
3,52,pruning,2026-08-10,240
3,52,circle_weeding,2026-07-17,75
3,52,path_upkeep,2026-05-28,110
3,52,spraying,2026-08-24,100
3,53,pruning,2026-01-22,240
3,53,circle_weeding,2026-09-14,75
3,53,path_upkeep,2026-05-22,110
3,53,spraying,2026-09-12,100
3,54,pruning,2026-07-04,240
3,54,circle_weeding,2026-07-04,75
3,54,path_upkeep,2026-08-19,110
3,54,spraying,2026-08-05,100
3,55,pruning,2026-04-10,240
3,55,circle_weeding,2026-07-15,75
3,55,path_upkeep,2026-08-20,110
3,55,spraying,2026-07-12,100
3,56,pruning,2026-03-20,240
3,56,circle_weeding,2026-07-22,75
3,56,path_upkeep,2026-05-24,110
3,56,spraying,2026-09-09,100
3,57,pruning,2026-04-26,240
3,57,circle_weeding,2026-08-24,75
3,57,path_upkeep,2026-08-28,110
3,57,spraying,2026-08-26,100
3,58,pruning,2026-05-10,240
3,58,circle_weeding,2026-09-01,75
3,58,path_upkeep,2026-06-25,110
3,58,spraying,2026-08-06,100
3,59,pruning,2026-05-10,240
3,59,circle_weeding,2026-08-22,75
3,59,path_upkeep,2026-07-27,110
3,59,spraying,2026-09-03,100
3,60,pruning,2026-03-04,240
3,60,circle_weeding,2026-07-01,75
3,60,path_upkeep,2026-06-13,110
3,60,spraying,2026-09-26,100
3,61,pruning,2026-04-27,240
3,61,circle_weeding,2026-07-30,75
3,61,path_upkeep,2026-07-11,110
3,61,spraying,2026-08-11,100
3,62,pruning,2026-03-25,240
3,62,circle_weeding,2026-08-05,75
3,62,path_upkeep,2026-09-15,110
3,62,spraying,2026-08-03,100
3,63,pruning,2026-04-09,240
3,63,circle_weeding,2026-08-07,75
3,63,path_upkeep,2026-07-08,110
3,63,spraying,2026-09-08,100
3,64,pruning,2026-03-03,240
3,64,circle_weeding,2026-07-13,75
3,64,path_upkeep,2026-08-25,110
3,64,spraying,2026-07-29,100
3,65,pruning,2026-08-21,240
3,65,circle_weeding,2026-07-12,75
3,65,path_upkeep,2026-09-12,110
3,65,spraying,2026-08-07,100
3,66,pruning,2026-05-23,240
3,66,circle_weeding,2026-08-28,75
3,66,path_upkeep,2026-08-15,110
3,66,spraying,2026-09-11,100
3,67,pruning,2026-06-23,240
3,67,circle_weeding,2026-08-28,75
3,67,path_upkeep,2026-09-04,110
3,67,spraying,2026-08-24,100
